Indicator,Trade flow,Commodity,Partner,Reporter,2016-01,2016-02,2016-03,2016-04,2016-05,2016-06,2016-07,2016-08,2016-09,2016-10,2016-11,2016-12,2017-01,2017-02,2017-03,2017-04,2017-05,2017-06,2017-07,2017-08,2017-09,2017-10,2017-11,2017-12,2018-01,2018-02,2018-03,2018-04,2018-05,2018-06,2018-07,2018-08,2018-09,2018-10,2018-11,2018-12,2019-01,2019-02,2019-03,2019-04,2019-05,2019-06,2019-07,2019-08,2019-09,2019-10,2019-11,2019-12,2020-01,2020-02,2020-03,2020-04,2020-05,2020-06,2020-07,2020-08,2020-09,2020-10,2020-11
Value (US$),Imports,TOTAL Total of all HS commodities,Canada,Canada,230362247,236462323,272027446,232217777,233020230,261257712,234354723,255256477,237101630,273301888,239107863,222396666,230652778,248305653,254969437,225098769,304008400,250574291,240639010,278462411,253971329,269898755,276752835,250317006,262146651,240396562,270174311,272150269,313559234,281724463,268151793,303806387,278205811,306920123,277308346,293243031,292493601,,317138913,275570674,305819386,297243309,292493895,264965319,275721403,285852091,220407163,282111195,,,,,,,191266394,,,,
Value (US$),Imports,TOTAL Total of all HS commodities,Canada,Mexico,616082948,734425437,795886416,843822934,782138807,878720274,808531261,853402558,826313131,848152500,833863662,,637078657,725826284,910117464,714684767,843176211,774701855,751984849,903868036,815803368,933834724,898595282,878088023,779674866,800628172,939483381,838406306,1006601978,937627554,893675178,888023982,841328225,1103399370,932872333,764517936,757558500,785416556,808732342,791163068,883291105,768103512,911578790,863464865,804890630,802167806,805522053,822338088,775896403,739042028,824983405,423108511,323312821,665473495,663198246,654271093,753245474,865370942,
Value (US$),Imports,TOTAL Total of all HS commodities,Canada,USA,22618935265,22234984601,23696294478,22965732358,23441782704,24682118615,21971737142,24670555992,24091012964,24323539947,24868745859,23743644350,24827647091,23784007128,26895022862,24908030275,,26395734262,23407424634,25519635777,,26361951482,26695117841,26023651900,26844948140,24552099069,27445755747,27102384943,28806779453,28651278495,27381500752,28569712571,26830263394,28640017090,26284280265,24574530973,23986349901,23797688405,28302124907,27321030291,29900716226,28317188630,27463342313,27251245633,27460385184,29124246559,25696743383,28007497672,25959043330,24920198259,25696825566,15482519876,16246298654,20750823383,22791660795,24161621428,24978417218,25276305487,24645357273
Value (US$),Imports,TOTAL Total of all HS commodities,Mexico,Canada,1760294573,1987961781,2239679848,2137654980,2171770304,2287820735,1988978396,2046723883,2087365410,2212646367,2093136768,2058148844,1908507890,2087518067,2466231428,2215506447,2321484392,2441171147,2050361002,2447821557,2420098070,2227256395,2487533442,2283216289,1962325424,2317686811,2614006643,2433537726,2417350494,2592697500,2306433132,2455328666,2247894474,2412234291,2384344735,2235810179,2099168376,2033134036,2639748105,2397148054,2489175428,2540897372,2325121595,2240853455,2275956221,2404698578,2232814339,2163297632,1966964331,2108084860,2077590376,1085474255,970843922,1730127788,1812059201,1919481677,1892828637,2144905606,2231898446
Value (US$),Imports,TOTAL Total of all HS commodities,Mexico,USA,22640155215,23425192088,24988587287,25342744376,25079902330,25130152207,23225377704,25776294783,25296367033,26623202069,25610146509,23720064227,23711530733,24138030800,28327072901,25399047944,,27561403395,24875656207,27284072680,,28986386713,27911348624,25330452493,26193856439,26183042191,30242776459,28448075038,29704221701,29816511296,28445510479,31346632839,29408830947,32130011803,29911772180,27364003744,27946186982,27871992442,31626318886,30657677059,32377526250,30763685177,30344468218,31273580583,29768716150,31333077214,29465600251,27892108212,28644561733,29352414453,30420589371,16042148641,15147055713,26082545740,29377539032,30113197483,30138158680,33481092456,30172227207
Value (US$),Imports,TOTAL Total of all HS commodities,USA,Canada,15475199346,16546208648,18283733431,18719942683,18661974043,19317187440,16472683383,18457654214,17641550370,17651189728,16676681127,16320837534,16424379818,16755709946,19623641408,17959037053,19761903051,19875071885,17005660972,19362439119,19026688517,18680071520,19471041362,17969552044,17848399107,18823949319,21524630298,20518163060,21561802750,20787787736,18444046537,19955363732,19270200812,20330984893,18711779471,17341190315,17743434697,18624309316,20798168289,20052657253,20840193195,19508850464,18073801480,19939213093,19007855391,19741668021,18097623884,17325005402,17844134779,18488913418,18695529721,11410281200,11244374827,15547694901,16282033744,17702812639,18138451421,17763408297,17103848879
Value (US$),Imports,TOTAL Total of all HS commodities,USA,Mexico,12835680147,14100377261,14936755671,14709816616,15030253787,15092517453,14562741544,15419326473,15923621134,15476671855,15996967570,,14698026436,14981685996,17453229730,14200883170,16840583790,16321433970,15273871537,17392321261,16049431594,17365139064,17297837660,17117786766,15796211343,16271576045,18478132287,17726194226,18651401122,17949410888,18111794191,19419576449,17224613513,20586337525,19424387267,16606604706,16261007569,16256603436,17618390154,17612732862,18945214646,16234512843,18363398549,17701718981,16488007625,17892949175,16848989267,15890102386,16206124034,15967991651,16456091577,9770597965,7762750083,11942290920,13234482568,13923186814,15100344564,16155059113,
Value (US$),Imports,TOTAL Total of all HS commodities,World,Canada,29254528441,31189056477,34602690862,34357052591,34460229227,35944399912,32238356056,35718596323,36381930429,33953023584,33232726924,31501326228,31719788504,32435644529,37177990153,34659350875,37382424382,38348958408,34762555095,38124348797,37405686852,36890569776,38203254463,35399372582,35293893865,35241691577,40715041097,39529136285,41341956349,40208821537,37909685561,39976208766,37606991813,39692891519,37417072350,34920759243,36079384981,35076674328,40078006913,38842892937,40262784832,38120033356,38092985003,39022133513,37282358968,39303556582,36238650022,34829540460,34781861743,33796254733,35441190601,25840822129,24666931888,32141229643,34148965297,35463163079,36360763518,38174617792,36863895592
Value (US$),Imports,TOTAL Total of all HS commodities,World,Mexico,27977456989,29749340671,31406562260,32495321206,31852309294,32465973100,31597366853,34329861897,34227645923,33493444306,34265011431,,30786628980,30584888303,36108114217,30867758791,36544769233,35546719042,33685106044,38510748114,35704683293,38967184211,37080634544,35981878500,35140482936,34149865188,37734620466,37471970561,40766246615,38377253726,39612124323,42128274165,38000231334,44290896796,40928721954,35692972279,37263009106,35074093616,37531224847,38076878127,40794744619,35388252091,40417302958,51652925598,37338105863,41456279902,36648512427,35594972520,36068891070,33723768207,35007170294,26472205354,21592396350,27529796022,29863675014,30863172684,34162622205,35720951733,
Value (US$),Imports,TOTAL Total of all HS commodities,World,USA,1.70796E+11,1.73247E+11,1.83462E+11,1.79475E+11,1.88621E+11,1.93895E+11,1.86953E+11,1.9942E+11,1.90831E+11,1.97411E+11,1.96532E+11,1.89018E+11,,1.74149E+11,,1.91609E+11,,,,2.07459E+11,,2.16755E+11,2.13085E+11,2.05574E+11,2.09018E+11,1.92345E+11,2.13779E+11,2.11094E+11,2.22518E+11,2.176E+11,2.22974E+11,2.28351E+11,2.17507E+11,2.42876E+11,2.2016E+11,2.13211E+11,2.10757E+11,1.91214E+11,2.13573E+11,2.14736E+11,2.26872E+11,2.13076E+11,2.25091E+11,2.21816E+11,2.12409E+11,2.25166E+11,2.04811E+11,2.07973E+11,2.0204E+11,1.83256E+11,1.99552E+11,1.70472E+11,1.68987E+11,1.84886E+11,2.06508E+11,2.09439E+11,2.12437E+11,2.26164E+11,2.19391E+11
Value (US$),Exports,TOTAL Total of all HS commodities,Canada,Mexico,673513620,855808067,1030015330,835010153,901328049,923001396,794148149,864480566,930894423,845542186,982818186,,682462676,856658547,1015522584,872858533,865463839,963157067,880966405,1168846798,980139317,1004666425,1054301116,1010823971,839608920,1101379236,1356813916,1216921256,1128559217,1000133851,1155620053,1186631431,1225629037,1211835983,1301854749,1189447775,957045547,1234000659,1238814440,1209999314,1170094872,1230571245,1057114124,1445958845,1008261266,1239961451,1165037408,1175696888,1028225484,1047081065,1109045534,421954600,374476087,869043591,904055805,1090931071,989978120,1126677049,
Value (US$),Exports,TOTAL Total of all HS commodities,Canada,USA,19795340021,20798135479,23126750115,23379246350,22923021254,23950896801,20826497569,23099520674,22521765284,22636206509,21712572867,21158141582,20658765617,21149887534,24918355481,22710822419,,25239503599,21882971488,24555921416,,23938590447,25154257074,23248510090,22631476796,23666164385,27258477631,25819419249,27061023704,26351385318,23711124580,25586072750,24574067386,26195019571,24547071887,22343189279,22632409101,23117180208,26348232887,25198081396,25960746192,24847083437,23360965025,25285114522,24368682682,25195670343,23742707495,22281560113,22531629025,23142250838,23522242488,14768997561,14809489186,20096422899,21076439049,22816331283,23288055490,23574920507,22570607916
Value (US$),Exports,TOTAL Total of all HS commodities,Mexico,Canada,349304305,418771385,489216411,485333756,496797466,490750823,451429114,516867699,586654254,507759053,519380994,459920736,440334369,470821214,605284174,437570600,463461924,497574714,487077850,524589430,528757973,617256125,528917954,457220197,486403209,448221491,519438667,559127541,549061489,620834887,482772571,539794046,606074582,566412085,543235260,419903554,498051031,397035734,498836323,432672582,494639203,454971382,486106846,490495486,454534387,431576828,465650805,411327988,438457298,386438385,418679078,243021094,234352818,353621473,366787563,365463812,446175634,443339880,500151076
Value (US$),Exports,TOTAL Total of all HS commodities,Mexico,USA,18065821662,18226266428,19338779373,19385064326,19040586277,19556260793,18303669930,20282565272,19845805767,20211374879,19592458002,19110433507,19533768942,18146923436,21021750908,18863545207,,21350539318,19737801687,20868643316,,22111917426,21671147513,19718216479,21419262872,20369005141,21969521733,22504995954,23005408018,22202729415,22847371786,22490518350,21542617126,24646848090,22958598871,19477905169,21913674829,20209248667,21830029323,22214851012,22448997846,20655031455,22121797089,22073672685,20633926556,22295928445,20906407391,19067521199,20833957402,19397470423,20048068514,12527542645,10440323370,15787255885,18448794043,17047019040,18703114281,20508218453,19301947369
Value (US$),Exports,TOTAL Total of all HS commodities,USA,Canada,23867690954,23262422440,24806144831,23631278637,24550666441,25861345989,23154800579,25826577061,25529609536,25384170322,25935999692,24699714979,26022623759,24881219907,27710165421,25847891554,27976273572,27569797265,24346513632,26569956889,25852507645,27446539055,27939993769,26752135952,27784760293,25483906734,28363905117,28115146202,29756712326,29696214831,28318829291,29503221329,27773930991,29890739977,27326169112,25457677969,25061587149,24635032946,29346296122,28235787873,30839866869,29171075209,28268300276,28285746992,28291904302,29596616643,26653826063,28049373854,26820159530,25631309304,26277476981,16081005262,16663364333,21681509649,23586497746,25179536853,26051749625,26483382128,25306858682
Value (US$),Exports,TOTAL Total of all HS commodities,USA,Mexico,19920134070,23901500481,25790492773,25003684997,25622192628,25807277503,23825072577,26056152007,26265766747,26114777718,27812972202,,21851312006,25348644031,29119660318,25852698333,28923345476,28676094422,25539847337,28560627783,26645654161,28996980148,29563320482,28169538455,24183396038,26342150479,29894853764,27733944639,29993680887,28477516854,27781282550,30566496193,29984027124,33561649380,29821833447,29296004161,24933037926,27644238869,30192406113,30854956636,32369114171,29609427465,30724705403,31755672297,28989759908,32108780869,29518041675,30170395013,25481859730,28862277525,30435295097,18421814835,13883500369,27228760162,28355292444,29060437104,30754189467,33566465319,
Value (US$),Exports,TOTAL Total of all HS commodities,World,Canada,30661384053,29975184377,32832105795,31217949170,31422297938,33081471941,30196461657,33628439914,33862033185,33601294491,34717331293,33763021444,33737864766,32273725105,37183985362,33745710492,36815628827,36170105556,32268960458,34574170669,34963786513,36137712683,36575769468,36043367489,36378061756,33601124168,38371317668,37305484840,39449705459,39910251944,37448050760,38654649425,37302891240,39756500124,37198143534,34879616319,34218055092,32401871617,38803905045,37192709880,41190542033,38388237862,37276809904,37065890073,37119331061,38528507953,36225518554,37857255425,35551383101,33469032791,34447662185,23380379134,24301246434,30235321537,31830670694,32724917593,34949204247,35747407550,35580426870
Value (US$),Exports,TOTAL Total of all HS commodities,World,Mexico,24684194656,28964812666,31486477565,30412058211,31322088365,31938437826,29766747394,32414078986,32613733148,32587546800,34463262987,,27310162137,31343924469,36045524653,31766578663,35338084017,35541270680,32151828766,35918443630,33768506374,36713483116,37487279936,35973198104,30718580281,35092841823,39480765242,37180960796,39214152918,37483747622,36741359862,39540882119,37700327315,41354751320,38595447183,37597346097,32619692830,36409211058,39016031758,39447059344,41822639124,37949255592,39294360050,51610758724,37220871352,40730477552,37478601310,38661427574,33583715088,36589492396,38342697819,23383299067,18068348857,33076474130,35655846025,36979024492,38546606327,41944511089,
Value (US$),Exports,TOTAL Total of all HS commodities,World,USA,1.08369E+11,1.13731E+11,1.25401E+11,1.19004E+11,1.19566E+11,1.24994E+11,1.16118E+11,1.22727E+11,1.24484E+11,1.28717E+11,1.23427E+11,1.26629E+11,,1.19289E+11,,1.23683E+11,,,,1.29232E+11,,1.35963E+11,1.3524E+11,1.36367E+11,1.24906E+11,1.28132E+11,1.49796E+11,1.37987E+11,1.45383E+11,1.45328E+11,1.33658E+11,1.40067E+11,1.39113E+11,1.47074E+11,1.39742E+11,1.34117E+11,1.29454E+11,1.30442E+11,1.48092E+11,1.35081E+11,1.42149E+11,1.37999E+11,1.32759E+11,1.386E+11,1.34555E+11,1.42173E+11,1.37219E+11,1.35753E+11,1.2898E+11,1.31992E+11,1.34401E+11,95683779400,90584959523,1.04967E+11,1.12582E+11,1.17958E+11,1.21379E+11,1.32403E+11,1.26854E+11
Value (US$),Imports,02 Meat and edible meat offal,Canada,Canada,,,1,,,46054,,9441,,,,5135,,25603,3339,31923,,36817,,,,,30778,71810,,58329,5612,,70783,,,29499,,,,,,,6727,230,23947,37458,126,,9,519964,104230,62,,,,,,,,,,,
Value (US$),Imports,02 Meat and edible meat offal,Canada,Mexico,24502708,26241096,24197067,26929582,26196996,20668374,28936646,36968998,33314615,26559080,30611909,,22380356,23891885,25584195,20702808,27053169,28010352,34886724,31891457,30435251,27773091,27618194,28087542,26278087,26722116,23870799,27217081,27178469,29739626,38809512,44929034,35515162,41863537,36553709,36341845,35795718,33588097,28697162,27702001,34355177,32654846,45562161,46877217,37873973,43597722,43876243,36975192,33313508,34186230,22476981,11457835,11823248,15164481,15410904,15789532,15240791,25293898,
Value (US$),Imports,02 Meat and edible meat offal,Canada,USA,194713762,192444569,213359448,197625741,198449448,188137899,201828962,214600463,207757314,217887721,202124183,188790120,169080774,178007219,206499808,200317741,,227330931,230533286,225075926,,206027585,215154600,184125226,189419327,186288725,217802115,196320520,201463339,213643684,214425660,214715948,208929895,222634260,214672939,203659603,205876503,192353192,236502947,202645439,212585243,220073212,211399526,232636717,225856903,238352850,247090632,204323104,202963610,183287805,209896981,135578738,287563010,267987862,219730988,232604529,213207960,265477236,267671068
Value (US$),Imports,02 Meat and edible meat offal,Mexico,Canada,1084947,1244729,1103467,1663320,1708918,2373499,1686155,1944869,1639329,1212819,837465,1736846,1973534,1456408,2031943,1820096,1199109,2290264,1518941,1754514,1385464,1638017,1635648,2054023,2240432,2141216,3003701,1928188,1987719,2822865,2121675,3462452,2784112,2121397,2782724,3284853,3501928,2683237,2620447,3650125,4241564,5747334,3354654,3682242,3102011,3594963,3366509,3596085,3144356,4771006,4759391,3091006,8091323,6637509,3767519,5288943,5163199,6118963,3611044
Value (US$),Imports,02 Meat and edible meat offal,Mexico,USA,82416885,92068367,94768920,98281314,102368301,98734214,85179793,102139652,91115966,94438142,95617916,82385445,93073984,84195519,94515396,81526674,,101643343,103509908,92964521,,104019762,102546777,89168717,100057593,96600257,92550545,80443049,118884272,120931500,107515042,101724617,92378571,98609869,101035677,93244117,109186622,111368343,120137064,119859861,119856699,111954630,113703638,112430749,111172110,119242304,116142530,112325593,113514470,112264744,130728137,121450405,193848208,176788627,149564949,144178043,133091736,107042264,92805010
Value (US$),Imports,02 Meat and edible meat offal,USA,Canada,107556027,100563571,112011155,109322341,145546720,143942618,134457993,112446231,114708830,108470485,117308765,120255532,106141301,103642575,122715853,112845523,114886562,122745912,140089584,116205210,121680739,110103963,109556256,115891398,97601912,92899417,109822957,108327628,122579208,118274870,122770612,109331544,108613845,99422635,107231395,103572396,90463047,80788642,103582720,102322699,110420333,107434091,110886782,104330241,108847780,98182936,106931632,100384163,105718667,101769172,130292652,114736227,109484128,113637042,125159159,133447772,131879825,113748347,109716066
Value (US$),Imports,02 Meat and edible meat offal,USA,Mexico,210926982,219758279,220205158,247987899,262823165,245168546,245014716,267747589,260708113,233230969,260789878,,257433100,239570767,261881679,227834016,285778078,276270136,266985451,282901123,263971755,276006297,272707454,282039269,284350523,263154399,250400032,297762122,263956299,255098753,240266606,265591787,223651175,269473387,247535507,241588809,257161929,222751009,226420776,258526683,282132657,301049971,325942509,321231108,274459068,295728073,315014823,342853899,356456617,302972413,291769534,177208182,143279138,186220723,212232878,208992237,237310604,276231346,
Value (US$),Imports,02 Meat and edible meat offal,World,Canada,174127636,157952616,174150510,163699967,189050582,184339581,176227456,157747251,163712219,147841234,155263348,158444442,157107065,144191617,177985457,160208020,161206991,172330871,189580499,165158390,174909284,162277703,166620069,167497744,162158970,159171193,173143174,164796505,166764414,160585076,166727929,155065909,148367445,157832361,156944873,153553953,150805230,129963654,166617938,153366658,166788033,158125819,159343585,148276772,144949599,150640429,156008785,153310005,160058877,146356851,214207715,184087633,170310255,172721312,198809249,196516864,194835634,173140407,173394085
Value (US$),Imports,02 Meat and edible meat offal,World,Mexico,249502932,261468011,268351323,302877464,316124907,293356816,303254685,332526104,316516655,283219331,314551856,,299376067,281157599,312737003,274100323,336611227,334409681,338446833,367280720,343519636,351673673,344172664,336241341,324003249,304790903,303074539,360652281,330859657,321800452,321226757,348060150,292077511,352641675,313227075,305865045,320354327,276555762,280907356,305570289,335055639,349607931,408536195,426806765,362259595,375258480,380011342,399147505,404365069,346236564,328762705,201161441,163921993,214004934,239078963,237859673,266876764,319162647,
Value (US$),Imports,02 Meat and edible meat offal,World,USA,719006052,649469488,750110891,710311954,722949070,719826463,677987700,676414431,563583800,593162328,580356566,548737344,,554392540,,677545675,,,,766897712,,679552376,632168507,620967207,715527062,641622458,737115664,675665134,780715288,780803931,797483972,729947238,629277028,662273530,649269152,627460375,746976150,619897999,797848162,792782296,797834431,717670699,758749058,729406572,664641835,710121216,712451913,715984787,766891700,682785783,860217796,702064704,836617774,835796926,923269390,887377481,795118187,736116755,738119778
Value (US$),Imports,07 Vegetables and certain roots and tubers; edible,Canada,Canada,380758,530550,374119,200788,240261,257832,210099,173699,260321,195116,225611,189460,138394,156746,158571,185565,358136,186670,274633,224461,277433,318482,248631,169901,164915,378529,195324,186865,318171,456711,216824,332430,194659,169500,104521,121986,133551,,139401,177040,963314,285076,650437,742587,624215,535528,371127,205360,,,,,,,652950,,,,
Value (US$),Imports,07 Vegetables and certain roots and tubers; edible,Canada,Mexico,2946295,5299092,3533298,3180270,2935848,3376787,2019923,1770405,3313841,2711037,4029554,,6462408,7624006,7392007,1898792,2458847,1093741,2291973,5471087,5812690,6316993,5117046,5282029,5336207,9788454,8004283,14030938,11561848,9421858,5221181,8841114,10992627,5961316,3336651,2176952,2761455,2892573,3203974,1799331,2346706,3734771,2181297,2141650,1477444,923361,1622376,2247905,2895807,2458184,3900907,2669400,3181784,5594186,5518963,3509806,2351964,4024892,
Value (US$),Imports,07 Vegetables and certain roots and tubers; edible,Canada,USA,81619817,80341810,103651840,136671667,158417836,172628056,188370186,198956625,188257707,154122703,120361050,87267006,86904969,81922606,107620547,137552370,,178258912,205259784,212239213,,199391844,139914011,99492490,107949806,90940816,117591512,147624700,178248555,193771963,224264442,226109067,211951464,186772965,142167451,105420011,99401616,87941347,117974627,165836407,186387529,194764251,230669020,230419473,228644413,199203663,146478173,106440168,109250252,98096297,158333094,187647572,223014310,236787615,258837479,244673675,250308831,214605684,166540000
Value (US$),Imports,07 Vegetables and certain roots and tubers; edible,Mexico,Canada,141679547,116546017,107596494,72399109,46613744,29156092,24069758,20099566,21413298,39468640,59963695,84740487,109091906,102639801,103817148,79523926,53335580,37282885,27115072,19523932,20724160,40829713,76800923,106223962,132393050,104263636,106454438,70275140,53488713,35374241,27755890,21699365,22278030,46944797,78126798,110186033,132028538,112128607,120410705,80758225,55274398,38524940,28484443,23011689,24211711,46338616,75055379,98870579,133216918,118372035,123941097,71286504,60161474,43121731,36083237,26482755,28868622,51870915,80752895
Value (US$),Imports,07 Vegetables and certain roots and tubers; edible,Mexico,USA,867241580,887899275,820642897,634801910,470169094,372113028,302306753,286238687,294823474,401496923,486067227,551875083,655889170,706843947,789485204,610324441,,379263075,308586545,287346949,,452267289,548327427,659322537,873006365,742767076,799753262,611470279,531541719,392968120,331686225,324864837,323064392,472825166,554840612,701229579,897949002,787068540,905437662,702045477,549208602,412591171,366666261,341316675,357639253,500481635,599786237,725937068,979545385,907001032,947283647,636828241,630717298,534092187,466956913,417443015,453105173,591157714,689956156
Value (US$),Imports,07 Vegetables and certain roots and tubers; edible,USA,Canada,170171052,136431559,157265000,170202720,200621285,181778883,145505521,115659611,128894870,140185725,153335308,159501865,146475220,141604045,163220257,199954643,204942372,197061737,164124097,128684742,131479808,151993686,157886992,158576709,153298746,130652653,167967153,168649972,203591350,182054160,146375747,121388971,123932087,144656405,165982771,188327038,162890698,145323651,188207919,198688915,220338807,209800132,182108457,139289652,122657656,151616020,162432681,163623063,172880178,151277043,178955916,167086564,193503512,178563111,170823109,131785037,130909034,161692389,169393283
Value (US$),Imports,07 Vegetables and certain roots and tubers; edible,USA,Mexico,24589027,33779598,24957984,25664596,21485529,22117055,19530873,31005928,29012282,25610823,23442907,,19919236,21373709,25712705,18482556,19188405,21377638,24844988,38137217,42426961,50971061,33117142,36134889,28647618,25008665,24607282,25472803,22500306,20937937,23703871,33292468,32865140,39488845,31855529,29390538,32956268,26356769,25843352,25652454,26102658,23075502,29867145,32415791,35456896,42557285,37471846,38026092,33720967,31453462,29285605,26413447,25770032,27425725,27740843,33700702,54278227,67644796,
Value (US$),Imports,07 Vegetables and certain roots and tubers; edible,World,Canada,358084392,286927134,296188261,272564565,277129795,240460005,199495326,165694896,180726115,211603363,254408651,296207289,297103210,275840809,302250988,313654010,292047321,267311663,223285742,179971699,186776695,230925587,277893131,308040628,327177425,267186805,309670169,275107338,292987844,244606004,205195233,170933401,180009862,227777779,284390530,351401368,347552032,292118104,349376871,317456392,311406552,277356052,246989070,198237517,184513757,240492552,281714578,318699695,356907699,305959662,343896239,278544368,296387414,260838344,245635182,191527812,200459556,262085551,296896607
Value (US$),Imports,07 Vegetables and certain roots and tubers; edible,World,Mexico,42149517,49952339,32925115,31356898,26125899,28041957,24997210,35913211,35829573,32289850,33496874,,40121508,35688532,36788344,23019415,24420943,25630346,29767139,46824628,53059183,65768547,47593566,53196812,48255865,42593058,37288861,42102903,37434744,33546614,32637889,46595263,47555330,52858691,41275257,44722400,49292869,37276288,32642110,31154298,32947016,29791541,35012785,524949090,40433433,48617621,45044061,52219447,52934348,46228117,37787873,32925889,31537592,35437387,36337930,40518464,60804504,79811692,
Value (US$),Imports,07 Vegetables and certain roots and tubers; edible,World,USA,1147700487,1121339479,1077280192,931457009,796259914,698913160,655810368,696280019,686890700,772991440,824853685,894908237,,948981762,,908775704,,,,684383504,,868065871,909770163,978403511,1195980393,998596741,1094294569,929528752,898239800,755619953,736479607,744705128,729580802,886026540,916557588,1050266213,1217733949,1031680635,1185047454,1038612937,927793451,767280192,788425628,773673433,797670544,922401078,962365408,1074964106,1337063219,1177658104,1282143879,1001027199,1053258132,960663162,932126462,867975827,909837850,1044344217,1082612220
Value (US$),Imports,"08 Fruit and nuts, edible; peel of citrus fruit or melons",Canada,Canada,884274,1184817,372113,606575,239933,408719,432596,575137,829383,407518,1878965,592806,1887575,256948,1395575,647762,710314,539630,342188,1495358,2912826,1688719,1310969,1512515,1233106,169580,1740163,2841083,1635238,1245957,1987134,3110900,1068808,516819,365245,981032,1547118,,1166708,1361440,2020880,2104659,1445521,1438059,959644,2312127,2475127,2164558,,,,,,,1258761,,,,
Value (US$),Imports,"08 Fruit and nuts, edible; peel of citrus fruit or melons",Canada,Mexico,10528,8029,9332,12315,72491,73466,135879,48526,8780,80105,511181,,284768,76530,109480,51305,156964,153356,68397,143919,61095,217235,250033,263113,99689,138036,179238,47602,109081,129379,85793,105211,129883,402387,343631,255651,137531,468640,553750,715971,354400,384955,61619,9636,136780,339776,478527,227310,156256,212417,233247,153832,,111430,153783,235672,59964,27962,
Value (US$),Imports,"08 Fruit and nuts, edible; peel of citrus fruit or melons",Canada,USA,13567296,13879961,15351182,14987189,13758262,28364811,71297430,63837238,36681927,70125281,27689789,16955663,17207443,13311808,17546340,15866435,,14074591,65235664,84282229,,46362706,24696907,12534349,14948388,14263670,15858999,17964016,18904786,16903602,59473116,94449306,43207198,62815685,28598466,16898908,20538661,19467274,20465417,21691727,22251119,19796210,81268618,82433032,35367802,45755359,25792585,18112436,21659552,19708257,20549114,20926388,24003882,18454227,59510547,89536617,40512063,61612711,29756027
Value (US$),Imports,"08 Fruit and nuts, edible; peel of citrus fruit or melons",Mexico,Canada,44071162,46210203,47874355,67994294,87765978,61835118,33802148,31399669,29964102,41866266,52227987,51051888,59295329,63738531,73409811,78763549,89708613,77541513,39154915,32020477,34612185,49872842,59637548,60839952,67121039,59011850,75150816,83764300,92271381,80328089,42819073,35633387,32709314,46150015,58874165,61187850,66482441,70430070,79853816,91708533,91808401,88341366,48468625,40289093,38134761,51466120,66137099,68002874,74080891,69339439,92560537,74589477,93298567,88997025,51330940,37606010,37191477,61512970,69511643
Value (US$),Imports,"08 Fruit and nuts, edible; peel of citrus fruit or melons",Mexico,USA,537332568,505527264,558145565,624661300,828624354,501948085,325822278,326051816,398549578,472184698,544690309,581279412,624209860,615257550,755986597,762949550,,670327462,344114687,422480157,,481381804,549947624,657946518,697788552,674597002,762960972,804057572,835290454,678954580,363834010,431485418,355073356,488998844,613694876,620624597,783168937,748855482,855786310,963044779,957886181,876318004,461146865,430104684,456404324,562977854,631300033,721439900,853644415,776442252,895383640,772581509,861897767,836988380,407313878,438134045,440077505,635397139,662849015
Value (US$),Imports,"08 Fruit and nuts, edible; peel of citrus fruit or melons",USA,Canada,110419604,116879548,132194482,139529878,232371959,249938987,225853974,198375610,183686745,177307080,157213676,116251533,107383419,101677086,121196453,141362972,199413090,249741636,253372553,196113340,193554842,171319996,159868896,128449055,116281613,112702562,118632921,141136477,185995823,261930209,238724243,174812897,189017410,162061776,165948254,122268956,100112111,98495114,114044305,133585525,179579691,248293407,238347615,200996586,178918925,161208812,160436002,122814650,105363290,117062202,144049836,132786042,206460593,245753750,257165493,210840388,180736785,174104576,158571656
Value (US$),Imports,"08 Fruit and nuts, edible; peel of citrus fruit or melons",USA,Mexico,46799514,57184593,58884868,59501075,67752061,73534463,72864695,71884342,67304516,64082407,60044538,,62803307,56374675,59944775,49716170,67494976,77377688,85021395,73509456,80571233,83086477,77364521,67703657,74024896,66932991,67989849,79378881,78036104,81094235,93325700,111741167,94205886,96886643,71819148,66724020,60168124,57950453,59892958,67213422,77386689,81278708,101655212,103611772,98564142,102366445,82822734,65670849,59346627,69562063,82002709,61662021,56023822,68248919,71614824,79040936,94028436,97649552,
Value (US$),Imports,"08 Fruit and nuts, edible; peel of citrus fruit or melons",World,Canada,327434980,360115284,372941916,375502986,457578432,451833463,388303563,354646825,335609851,346898128,380351097,356341216,350044879,333338191,382601060,382206389,439666431,473421516,442099941,378440745,350926793,362629275,390643841,376633704,411694740,374554271,408556452,405576660,449211909,483497397,430486813,364739965,343407899,353952271,386577196,374651309,389576778,355942899,401302954,412489500,437323270,470379259,431763438,389358357,346573944,367334697,395798258,402844579,404716126,379743138,439655008,373112978,455113517,473190626,464103125,384519220,355106377,401757566,424126898
Value (US$),Imports,"08 Fruit and nuts, edible; peel of citrus fruit or melons",World,Mexico,64750464,77388682,79574262,75991709,77386936,84169317,88243820,85000594,77227601,73482422,74366145,,82200020,72753120,81899047,64552559,77079612,88891571,100362836,85526845,91252233,93214019,89029148,86857037,91840386,92058847,94013105,99278449,87163161,93805287,109866603,130164732,106621726,113502679,85098395,82089599,87347951,83987393,91525705,88189568,91144359,93104313,119105800,642661810,112969128,114212040,96780272,85574321,90443682,104622448,118094047,79992895,65269817,81306997,88685816,96956453,106968642,110040961,
Value (US$),Imports,"08 Fruit and nuts, edible; peel of citrus fruit or melons",World,USA,1569477538,1568412601,1671249741,1470520782,1593374291,1254477011,1100696427,1133642650,1111103652,1255054151,1356572898,1633172240,,1649973424,,1604624518,,,,1323256628,,1320864367,1363284554,1533277933,1949227817,1823334166,1895686206,1785073680,1681480728,1499109345,1338130788,1428428041,1160715249,1456889470,1385945965,1507865581,1947808400,1773829087,1931889444,1921223911,1760788636,1632587508,1446836746,1293956092,1321426815,1421271731,1412785107,1682734791,2010742273,1868757878,2021716289,1610349328,1595876458,1683922519,1268582025,1337163833,1368240395,1550192446,1480257139
Value (US$),Imports,"22 Beverages, spirits and vinegar",Canada,Canada,251621,254221,337344,252857,433958,200208,383860,1048459,247355,361787,359861,219633,519193,450794,400053,271021,225804,354650,281704,592414,145020,635651,366441,427656,177900,264718,458741,118530,319102,325155,348881,609917,365459,497797,775833,173293,344839,,209666,269443,301195,437168,282670,438779,174272,427054,242327,196173,,,,,,,250575,,,,
Value (US$),Imports,"22 Beverages, spirits and vinegar",Canada,Mexico,1035863,1138825,1414428,727260,1080370,1635236,657773,1085912,1211131,504181,764587,,626158,732490,832180,1048386,1074869,458262,818068,999937,953626,770478,526756,1157793,472769,644678,835474,509230,1114412,684788,583874,1208295,598855,878212,494242,907837,645768,467647,389079,767657,554804,546144,691479,718241,846077,905701,365799,472897,595522,545819,831175,527359,472991,280520,413460,366747,729519,787696,
Value (US$),Imports,"22 Beverages, spirits and vinegar",Canada,USA,52433913,57937327,66233569,65811859,68183583,75760614,60335101,65354710,68661115,69477652,78998175,70710255,62557120,59042216,65373011,63136112,,65046259,67021122,67173372,,76297190,74879181,65221539,66478022,67860733,72751427,73520512,80937261,76680385,80460199,69523046,75726148,85531238,91034631,73340113,79923535,80362940,88632321,88740374,90460762,92902847,100982715,80626171,98506709,93820504,92577328,85197403,88300256,88717426,98255564,95114281,86705370,90632523,106556205,95254938,102847831,103484427,106166629
Value (US$),Imports,"22 Beverages, spirits and vinegar",Mexico,Canada,5926442,9740158,18916580,18273482,16026886,17552948,10293586,10824796,11604994,11790491,13582899,9001305,5415240,9248490,13243189,10893033,17182829,19187316,15574559,13365715,9490035,10192491,14770673,7033262,5360455,9548215,14778667,17460675,15104439,13434343,15763887,15858902,16516000,17969803,12728455,8278352,13921549,10769257,19294894,20807874,24867906,18277273,13257386,17452411,8587991,15346387,12075860,9117143,12030479,10420627,13914578,24280039,15881018,13912807,19177137,11796111,13292542,13136014,11074652
Value (US$),Imports,"22 Beverages, spirits and vinegar",Mexico,USA,336392712,375637216,432189824,448600345,459370237,444260486,368983151,371819778,384927923,355249720,372710451,361040442,363194178,369755632,454201118,439592157,,482091704,462666861,478522352,,436334759,389075949,399868347,394747609,409567489,489145280,514257603,545654482,523803454,515887379,521480722,452376641,482887567,420953706,433134868,374861369,441479665,584474511,598139020,638590196,599681761,625729675,538569649,522017631,598631382,496680269,421837465,508879825,520178606,624858223,565833589,420684183,623620369,732421063,753808855,767581985,797850959,766037989
Value (US$),Imports,"22 Beverages, spirits and vinegar",USA,Canada,128275044,141961618,153723844,161182425,189991959,191118348,178265655,189439506,174430033,192149808,185213128,151186853,158953841,157811920,176527564,158370326,196765256,179525577,203935461,200278605,177597895,193408188,185406234,146847242,146846075,151771240,166238170,175800543,185446614,193135771,189847729,187430562,173303729,176426579,170244580,144169411,135253674,124267527,156868941,169780333,165698881,174135380,189707190,182623347,167324646,182290413,159438057,150231425,151750371,147197456,163797699,143085315,136303220,174961794,193269097,202913633,189588843,204117051,189239453
Value (US$),Imports,"22 Beverages, spirits and vinegar",USA,Mexico,24212752,39118605,39857611,44856605,42573084,41101450,35075300,37591188,40768378,42173707,47800630,,36848177,30084219,34164294,27475796,31571996,31585800,46801401,50746454,46679750,54410384,36162863,24428885,35970416,39625236,37559672,36416298,38820938,39885812,40029859,41709613,36804971,36382835,35526879,23854273,33125872,20119007,28438390,27295646,33922854,29836970,33766460,30775433,33743076,33069875,22545621,20070362,27106596,22484152,26811711,47634291,36041835,37798633,29230426,37151322,32557293,30010713,
Value (US$),Imports,"22 Beverages, spirits and vinegar",World,Canada,274875975,325936496,359839110,385563603,428827346,446105201,386017380,459308453,429086934,456158991,453048677,310220373,327040741,329075493,413752028,356438109,445916430,431130193,443740606,471535753,430381948,489963598,497292248,318509331,363730143,355209149,412486116,427206566,451971897,429645936,454632959,462451001,436730593,506953091,453529588,318086281,346693382,316333053,403293672,432132384,452871142,435794994,445643479,462611592,416935928,483860414,443078407,329585027,356590063,321552250,398408814,402777148,397145663,422889606,407079220,393320916,494294259,538331193,505664750
Value (US$),Imports,"22 Beverages, spirits and vinegar",World,Mexico,55404810,68079014,91939192,90007017,80904494,84371186,82179251,110439268,133097808,108195078,104872395,,73284295,56738974,83660762,73122642,77105290,74469565,101057150,143567778,124071592,122431692,91139479,60878269,73746512,82525773,76517258,86926334,94404501,88999028,98845371,134290693,121698270,109415922,83696307,71532051,92916785,58263921,80151107,70839436,86582674,79810104,103365138,604403765,106788615,105031368,68857332,59640222,74468057,52956474,61797893,82313750,71574973,74813597,70121303,88000154,88098962,81077921,
Value (US$),Imports,"22 Beverages, spirits and vinegar",World,USA,1609910142,1696838941,2019971563,2006482167,2094805226,2032650796,1848396877,2096291131,1951063435,2121228699,2009468310,1924705237,,1689122579,,1973968921,,,,2239397732,,2302268092,2202526683,2074365615,1859455508,1820573947,2139680734,2279326293,2340632930,2225316649,2184182323,2297788874,2088734006,2539284271,2168775870,2143513922,1901296066,1804397649,2399853604,2461008059,2495071192,2381857625,2538589285,2380570070,2432117075,2623583092,2147739928,1989354109,2100658251,1978612130,2350939635,2125487027,1770770503,1881313000,2220124592,2667843207,2415072843,2571111865,2562653700
Value (US$),Exports,02 Meat and edible meat offal,Canada,Mexico,819220,1130430,1372573,1799649,1472612,2483699,1426946,1823024,1470801,790643,1385169,,1753518,1208550,1792948,1145626,1407842,1663801,1599891,1630317,1072908,1594915,1751641,1935184,2417007,1715300,2852166,2038941,1339300,2856867,1921971,3456762,1960422,1920389,2781307,2559299,3532158,2099824,2457844,3155816,4372823,4090292,3461471,2644938,2786152,3479660,3198339,3730951,2568950,4020385,4137029,3486411,7898825,5991751,3814487,5080620,6149888,4724832,
Value (US$),Exports,02 Meat and edible meat offal,Canada,USA,109980822,102883326,114741970,112138331,148947310,147025406,138174359,115214698,117435296,111945135,120719517,123956237,109664350,106979315,126697661,116319548,,131079025,143714451,119464520,,113480362,113134295,119589870,100485804,95590945,112881853,111246381,126045491,120998354,125518504,112106402,111472465,102214719,109640117,106021406,92688747,82736138,106308272,104198876,112678909,110229598,113288624,107170402,111089044,101150628,109297646,103174989,108383951,104787408,133366544,117044071,111731963,116115349,127598266,136228362,134896560,116732000,112124263
Value (US$),Exports,02 Meat and edible meat offal,Mexico,Canada,17621458,18133851,15811978,19346809,15496017,14978762,21028477,22941382,23460062,19668665,21656783,20390003,14653510,18626122,19816858,16496896,18725255,21286390,24540448,23334427,23194246,18540747,20946121,18759317,21253728,19524653,18719133,20581064,20138067,22671361,25297866,26306305,26130139,27874620,28357512,23107332,26338920,23266136,20741568,15771796,22854849,24095116,30703916,32491098,27596424,33344098,29255916,22069810,24797393,25489736,14821411,5986926,8943153,13025225,13745820,11529895,13433210,20974442,27735220
Value (US$),Exports,02 Meat and edible meat offal,Mexico,USA,199107703,219912974,219011631,241845570,259182454,245729334,250314279,272368833,265296395,244345087,267734834,296344550,257196719,235721533,260596721,224794551,,269890786,259107954,276145122,,272871867,269360610,276644041,272292489,254801737,244554726,285286946,253080065,239576537,233776153,257955817,223885341,264917012,236429830,232878328,240995573,215149751,222325972,247907201,261350789,261208140,293763855,284193140,245330046,260694562,275614597,305327775,318839760,272586140,263183236,160346797,131159453,159150096,182934960,179141112,197399647,243780656,290803871
Value (US$),Exports,02 Meat and edible meat offal,USA,Canada,195768751,191115216,212320198,197740309,198930066,187504501,201893968,215002350,208303368,218032671,202771678,190060882,170585178,179276764,207589023,201604932,210084282,227995800,230349394,224872984,200542345,206760473,215347945,183888686,190585444,187009365,218717183,197566191,202231126,214395650,215192687,215696661,209980223,223115383,215010451,204455682,205406683,192110664,236301512,202350842,212433602,219876494,211388991,232332190,225804721,238632523,246837944,203845719,203403646,183016256,209674024,135401317,287399649,267773242,219751563,232384250,212990791,265496089,267227506
Value (US$),Exports,02 Meat and edible meat offal,USA,Mexico,80483343,89942232,90746927,96157655,99919070,95387639,84106222,97566675,91424120,92069283,92469434,,91084824,81937000,94723818,79352389,98319771,97298833,100666448,96965758,85729936,99821236,101271797,88798257,99014823,97544308,95079171,79787169,120844702,119253016,107481771,101564634,92004914,98429602,101509248,95370250,106499846,112201369,120432151,119925944,119646739,109079267,112333568,111881115,110406549,121675747,116574278,113832394,112359508,109512794,128581379,121276406,197300174,187798509,143367686,144616356,132973248,106393634,
Value (US$),Exports,02 Meat and edible meat offal,World,Canada,349890471,356243478,392139469,379517820,380908394,379601007,383871507,404794820,418831551,427012289,423340770,406461324,348098442,375295099,445490505,401187021,430207411,448100034,432030924,433868412,416521566,423730835,466246295,393576849,377269734,388455087,443899490,407007922,441175930,434632737,414822586,429200715,422108886,454430328,458761867,433089060,423489993,420983386,518853797,447070914,500956118,480747719,429516352,455484878,453892062,497341664,500524563,490495431,509036862,485358103,522263749,418496065,573591431,523273535,506207226,468987729,501287950,595512969,584317907
Value (US$),Exports,02 Meat and edible meat offal,World,Mexico,110005209,123809932,128765655,132671087,142573518,140902399,125177763,143746099,138277981,141521848,141213132,,132799496,126165571,145062428,124629822,156116839,146193115,157670470,147820857,136423068,159729165,152029004,160688921,146747732,145632665,148234209,134255000,183543364,173156203,171253990,160036424,148301318,157149620,162924646,152257711,161066866,164148693,178920599,180446710,193592978,180825084,193648564,427103730,179086559,205873211,198685158,218158468,184637494,201551912,222283896,221678974,280190132,276580559,225847248,230508743,215903117,195764863,
Value (US$),Exports,02 Meat and edible meat offal,World,USA,998162210,1026575704,1145106526,1147641673,1254212521,1239784994,1235126642,1291549039,1228594963,1283885250,1399989972,1386105120,,1190043158,,1262794027,,,,1424944318,,1503168651,1517531861,1473234177,1371951513,1349028601,1530199521,1497445842,1494605104,1442404204,1413503451,1463784781,1349457542,1502142314,1456813866,1397518821,1300231393,1207768356,1398893911,1404540860,1541765651,1518700100,1602553687,1536933841,1421037480,1487374531,1603707038,1638086596,1634223239,1634157256,1729020566,1516122365,1344214150,1219405722,1404136867,1430789176,1391906506,1556421294,1655135234
Value (US$),Exports,07 Vegetables and certain roots and tubers; edible,Canada,Mexico,7457737,5900320,6385521,5877938,4233385,1851561,1511826,1204330,811291,1667353,4481115,,5772345,5460484,6067815,5016136,3738292,1669026,1338766,624856,817471,1997541,4851260,7061684,6893993,5153815,5946099,4844327,4182892,1975417,1375560,1023000,1464718,3018888,7027200,8526996,7563566,5902356,5964227,4810239,4489966,2926968,1868703,1991779,2273007,2784937,5194521,7642901,7887267,5940367,7482307,4986400,4566725,4201736,1831644,1847210,2109915,3738480,
Value (US$),Exports,07 Vegetables and certain roots and tubers; edible,Canada,USA,326155439,260863272,270304817,250033517,257280503,219966704,180205032,144524838,162462360,192677782,223381270,254554712,262488002,249159282,273082748,286892129,,243751282,202042900,158719633,,205476258,242495064,273551124,293794185,240621620,282771251,244348977,266834960,227222579,185103512,153196193,158006671,204301144,252057657,308925779,305260699,264552836,315288346,287937856,283470018,257445134,222884117,172090876,155712970,204745473,242870837,271597972,314651828,276337076,309261281,246220204,264703895,232452877,222002787,169552103,172053826,226752205,258817618
Value (US$),Exports,07 Vegetables and certain roots and tubers; edible,Mexico,Canada,2338336,4686269,2916237,2124335,2774983,2410931,1370741,2000183,2182851,2715756,2729220,3623119,5569305,7703118,4648614,1051571,1983377,1123364,2912881,4849401,6071755,4517906,4953902,3346973,5126391,8723982,6165525,13117149,10635933,8404173,4704031,9852935,8530508,4490060,3288658,1961542,2317001,2263998,2963995,1306035,2311782,2145178,2420153,1058638,728791,606711,1181426,1267754,2135859,2479192,2545194,1606007,2826501,4320272,3273442,2528070,1701966,2620840,1628532
Value (US$),Exports,07 Vegetables and certain roots and tubers; edible,Mexico,USA,24805436,29117240,25179145,24515987,21253939,21498015,20479645,30350982,28308853,27546439,24100399,23923544,22012336,21715177,25613611,21598851,,22138110,23957449,37181803,,50930539,31944269,33851602,28138686,23613896,23484375,24552646,22330685,21049959,21673641,32284346,30207703,36741357,30641190,29671076,35117760,25152162,24657312,25020259,24619628,22608772,27612984,34230752,33540274,38478955,39861870,34003625,31045030,27804392,27857045,29664460,25058876,25787915,28077541,31431957,46753711,61426135,45306429
Value (US$),Exports,07 Vegetables and certain roots and tubers; edible,USA,Canada,115560187,105920196,125186228,150860841,168969553,179288387,195634884,208433522,198704188,170229911,135709428,109943586,119168228,105204280,129258454,149858486,178969934,185698817,212144373,220137017,225620053,214789541,159574464,128626212,145233219,119934744,142884238,162823658,192869768,203773326,233255222,235629332,224176166,206492988,167910938,140330991,142107231,121039166,143284863,179863443,196482428,201649821,234338653,234951424,234812797,212352695,162938423,130415978,141660610,122678678,183990736,202066090,235678151,245453833,266781252,253375482,262483609,230036038,183060269
Value (US$),Exports,07 Vegetables and certain roots and tubers; edible,USA,Mexico,684591682,831791340,852759348,621208323,509849610,399506855,309893333,287115026,318015334,417677478,547539223,,626674217,696717376,802201494,598770744,561261005,386452688,331782993,317667977,294565542,465486200,566131815,690060880,789057971,709702513,796948933,632722556,570355160,408271917,367852987,332089795,316957063,480599866,547186177,727577036,825199778,758890248,856960387,758922967,626171640,441133634,503602465,503063649,377172373,511873660,595844753,757132140,924687363,843602117,1010451357,654004398,580581663,637685372,463804692,411315719,486440229,599780668,
Value (US$),Exports,07 Vegetables and certain roots and tubers; edible,World,Canada,353545789,287644373,308081011,323978295,297520060,334524959,296338145,347644454,662697897,644702597,491746157,480880377,395436393,338825036,433711764,392647385,367317723,346273853,293820343,315150851,532741900,442491299,350390256,288881475,281921242,249449030,292795163,342692888,361004207,364969919,380584634,351054096,425990776,393933507,342080492,295527341,317509265,316281362,286030903,352440696,398547560,392527938,410207971,337279980,495883614,406679196,355905913,307313420,316840489,343336600,407690218,531050041,547627427,534758820,500298640,351506592,658200222,580427273,430020509
Value (US$),Exports,07 Vegetables and certain roots and tubers; edible,World,Mexico,707263409,847290234,865459510,643681971,541716904,424368280,339689475,315422636,337518711,440909523,572007675,,641457209,714453406,840083257,632941424,627945316,438762664,359464761,346502284,323228750,487999984,589487119,711655740,804682512,725416604,829992547,667637363,610432244,440855883,396888924,356796780,341743282,507125402,583543154,758981523,847189516,780399384,880756831,789356624,651353531,468526711,521991114,519517807,393534429,535552715,634928033,785418760,951703304,865403415,1033857501,685719893,614986909,660855139,481283757,423465294,506004471,628695553,
Value (US$),Exports,07 Vegetables and certain roots and tubers; edible,World,USA,469926536,415438694,439443674,412206646,406965005,357529958,295270664,298548653,370903288,387744253,418518041,428932818,,421724320,,444661516,,,,307765273,,388684252,424980396,444776881,434078764,398526998,452087041,393253668,406942225,349036757,301488660,280880468,286057942,350644256,392554722,458584731,453975904,419275642,486467599,424290255,418297219,375838701,348730830,313479170,282450838,347937503,399867336,415262387,452535341,421764790,471425061,406514158,424172665,374804605,350587671,341247221,325015759,409531078,421919366
Value (US$),Exports,"08 Fruit and nuts, edible; peel of citrus fruit or melons",Canada,Mexico,11883985,11624241,13265852,16672211,18519537,20464915,22584231,21197111,19664658,21216410,24919296,,18407449,20013485,29219144,25008001,39105392,24394384,22552144,33082214,33854382,22471264,19317978,20006200,20905025,18220480,28367854,29255275,26809397,26577620,26900570,28526876,20950098,19206792,20837775,16383621,18529120,20810145,23062043,26954114,33755475,27395437,38716674,40880896,19634785,18346140,21601178,16088799,24159605,26508750,30660840,44288343,29918589,40570032,23313063,18248994,18396280,22144574,
Value (US$),Exports,"08 Fruit and nuts, edible; peel of citrus fruit or melons",Canada,USA,236629936,252784587,268251217,285671596,379288976,363936076,309184981,279596921,264993681,272079166,268391894,246663862,250736584,242589342,274320889,286416371,,377170217,338576830,276099250,,274113310,275030425,261224517,269505623,250778676,283678454,292536125,342083996,389520001,326397091,255143392,268207823,261884519,282371614,254284409,254895979,250118313,274543750,290000620,331737565,386156215,332270406,289215156,260550746,269181847,290223542,259358347,248964492,254522107,302283997,260612363,347320904,377329872,356777622,289424528,263463318,293693653,283638683
Value (US$),Exports,"08 Fruit and nuts, edible; peel of citrus fruit or melons",Mexico,Canada,,,,,,,,,,72299,440358,71105,166120,,,,,,,,,109538,161493,166841,7389,,,,,,,,,193171,141403,122063,46297,,,,,,193324,,,144717,161847,56640,125866,76562,127113,49065,52187,23174,51884,,1463414,42337,395892
Value (US$),Exports,"08 Fruit and nuts, edible; peel of citrus fruit or melons",Mexico,USA,47308571,56394965,57949157,58988369,64620786,75313441,73088981,72251738,67471526,65719420,61131637,64474733,64928546,57080054,58257312,49164597,,83767790,81587291,74452400,,83267672,78503862,65566304,76119142,67965824,67660000,80865508,78313402,80577222,93750048,114476733,93643972,92555578,76492533,66368877,68095668,63761586,65482897,66791004,76877393,83227438,111381251,101943601,97388760,100084096,83132076,64564691,64743508,70375239,83170683,59871785,56584937,68579124,77476949,79860784,95858413,96779397,78407431
Value (US$),Exports,"08 Fruit and nuts, edible; peel of citrus fruit or melons",USA,Canada,16742798,16782519,20477671,19871960,17700140,32732004,74610510,67770640,40823547,74141575,32015097,20528135,20396476,17971984,22372436,19874654,20637931,18136558,68166762,87797054,37161831,49624361,28954592,15107463,19106412,18937762,20366582,22334100,23206540,20501777,63450786,98424783,47531005,65948036,32099414,20051933,23792655,23573881,24731456,26246170,27332976,23469065,85059987,86360457,39534060,49949476,29421190,22788339,26788076,23941884,25712727,24426985,27641196,23475856,64303517,94945847,45608644,65787897,34608379
Value (US$),Exports,"08 Fruit and nuts, edible; peel of citrus fruit or melons",USA,Mexico,316274666,358381261,389269925,479774606,488373743,389390917,288862800,275911243,304902766,337162138,531868269,,417250144,418944834,556461597,521260635,626500613,477581793,309379082,410737814,393993660,354406101,386267281,501386204,467690536,463781175,535787350,589799367,629638031,499142946,370958898,392050294,297508248,363478478,390539677,465603440,503602444,493714715,559304878,688933148,668527851,594689726,507475825,498471522,352600947,421196561,430888007,511342248,546175926,532434728,701912628,744281553,570076638,772203711,313418467,368872782,381316167,427620950,
Value (US$),Exports,"08 Fruit and nuts, edible; peel of citrus fruit or melons",World,Canada,27641434,28767101,33706426,31442314,29613320,46032856,105876479,90416798,50016422,84714691,43714164,32755228,31342872,28225364,34982282,31389863,30508064,28855897,88840656,127074589,53181379,62687927,46174079,28766832,34895207,31664567,35831722,36780680,37321029,33552584,91653402,147373779,62402330,81373168,50273457,39351862,39372141,38698578,43991214,40170025,42432068,40177925,109612497,125158761,55733961,66025067,50835751,37490187,44763344,43288300,44213927,41263666,43912428,36998975,84420801,126324034,64044381,84240928,58081566
Value (US$),Exports,"08 Fruit and nuts, edible; peel of citrus fruit or melons",World,Mexico,363521062,412080826,449372743,544680577,540237013,449869397,370891007,357256536,390389398,472192007,674605606,,481907170,495960899,652933739,597701238,704097945,537097767,413063962,523713473,507434580,468650736,485300276,588294964,576858605,548704126,645184041,676364369,704092128,565908790,434908836,486846034,381045902,451182431,478444149,541162957,572496535,573560314,660497142,759751672,744024619,658084651,620015190,641876733,444244516,560130606,617146623,586817130,630879378,625765757,799336004,847433256,633970207,856772039,374768667,436627512,473635442,554477169,
Value (US$),Exports,"08 Fruit and nuts, edible; peel of citrus fruit or melons",World,USA,912766496,1089128828,1070429219,1008044517,1196198113,1157686107,1094160807,977225709,1071880728,1703934986,1675370864,1105554157,,1084531058,,1060359675,,,,1008103489,,1642577860,1753439434,1470223302,1143330034,1270937888,1372202174,1151504107,1116072809,1184631630,1125042067,915753833,1013416127,1432620230,1660796215,1308163042,1154105285,1198741848,1315432702,1126749797,1118786298,1205735184,1234811418,1037151322,1081341819,1585352611,1739148845,1292215983,1124142142,1262129656,1307814027,996716088,1030489324,1073513385,1115293559,933091988,1052743748,1507428308,1539305076
Value (US$),Exports,"22 Beverages, spirits and vinegar",Canada,Mexico,5606662,7486406,7534217,9636965,7968936,4741584,4055308,2319894,5356204,7110989,1478602,,2873359,6066636,7057724,8274100,7640514,3164652,3558901,4335168,2920210,2730803,1616278,967515,1226203,7130754,8732737,6958464,7144502,6382093,5481833,9574585,5785454,5800255,2921554,3329009,6414104,8112804,9536602,17830627,11896844,7275716,4978165,3805924,5193233,6726473,4821809,2451544,4574262,7051443,15138120,13632041,8234016,7030787,5750580,4889133,5219051,4131882,
Value (US$),Exports,"22 Beverages, spirits and vinegar",Canada,USA,138048273,154031803,166637521,175529855,204204341,207817625,192399110,204154626,189691002,208396708,198994543,162648903,169707376,170454816,190497287,171556794,,194722712,218968823,215676738,,208180047,202268543,158260710,158529158,163036462,179995643,190105205,200919516,207796059,205252616,202872998,186970121,191409440,184107418,154038220,144408721,133813978,168173191,182551179,179882637,188443673,204708829,198907956,182376010,199992491,173108330,162360121,163696302,159803936,177363825,156947288,147666546,189802840,209309661,218626488,208528721,223163469,208796205
Value (US$),Exports,"22 Beverages, spirits and vinegar",Mexico,Canada,737764,523975,626398,580266,679196,548468,440429,1148188,602054,726266,654591,492098,561452,338628,762990,825675,723319,397524,633065,610379,446310,172442,329856,675297,265988,215066,428419,317503,765207,594200,436640,529189,371283,514809,493104,547336,314051,322836,207952,248045,249419,369255,406553,511312,454145,468695,113108,417447,284463,507802,309257,329903,315444,59181,317259,249972,326351,374382,343908
Value (US$),Exports,"22 Beverages, spirits and vinegar",Mexico,USA,22122756,35464577,41158529,41094418,38106899,36062932,32524876,38091772,36467623,41929780,43715792,22650327,33135926,30024732,28473356,29762273,,28426190,47161708,42286444,,52497083,35357755,24384143,36612592,36327497,41409700,33176777,39442985,35254435,37668181,44927796,34166914,31726672,39494025,25472802,29387849,27313580,25379908,25910388,32598381,31305114,32436504,27766575,29783986,35114162,21902882,25059116,23877328,24888387,26228191,50302380,38654533,38818543,27069638,39876629,28632104,30817558,31872815
Value (US$),Exports,"22 Beverages, spirits and vinegar",USA,Canada,56329171,54182097,66921733,69144927,70768996,76848719,60785678,65995065,69557128,71116221,73484181,70707879,63536904,59444487,67208901,64651059,77024265,66140107,67451182,68226734,69121768,79299375,76724127,65744532,67421839,68858232,73474750,74453859,85610133,78232945,81950034,70575045,76799084,87208961,92272722,74086027,80295218,81895289,89682228,90254347,92863956,94665388,103102797,81636135,99244547,94601864,93600676,85744793,89126213,88428683,98654552,95130625,86700084,91047595,107076536,95350911,103652436,104233483,106300019
Value (US$),Exports,"22 Beverages, spirits and vinegar",USA,Mexico,229698482,287593157,329346329,322134810,360933279,313551079,258250693,302490317,270571729,293315749,368560438,,298356106,332474077,450544891,383597747,492342178,449086955,411302664,464405532,377176838,404200826,395312540,368748765,366008148,367473945,491021043,465189928,555631968,477264469,517872988,503572169,409630797,499496049,430107834,358208387,350957660,433284139,545658859,569267578,593513021,580878706,595173722,493171364,493784878,550267984,448234607,454821502,452136049,495123744,588777381,562501404,371527249,576155286,634589324,676584364,678573935,687583354,
Value (US$),Exports,"22 Beverages, spirits and vinegar",World,Canada,62036267,61520947,75123712,77005591,79738102,85193251,71079091,76559442,82003048,83513937,84929856,81624696,72674214,67923488,77232062,73152185,87007671,75473344,78058721,79198625,81623776,92449396,89303918,75777490,75310877,76645553,83909725,84898904,94259384,88309821,91350035,81678807,87631893,97105353,101061166,82672198,86537380,88961635,97369899,98829126,101693818,102485058,111935515,93522574,109465551,105437003,102806281,98475092,96059468,96856615,112510989,103941153,100010882,104290486,120369247,101799184,120590227,122365364,115472212
Value (US$),Exports,"22 Beverages, spirits and vinegar",World,Mexico,284188109,349472194,398231193,393599304,418737152,376005458,327294205,376952175,345520141,381263407,437934555,,358540319,393589445,522543916,443404203,564056173,515499700,483511015,539727834,445047291,470842506,490160326,436628327,433917413,477091987,578989679,586179778,645079718,563762035,657968810,591231240,536965336,651985585,530740638,476196058,478421836,537832929,642364730,697436247,733771292,724966924,718444943,597308247,626904625,652732388,529847858,551182328,538626309,601365303,684434649,640031084,437170678,642423713,703394580,751098425,766290945,780678289,
Value (US$),Exports,"22 Beverages, spirits and vinegar",World,USA,512895726,580538339,643324379,654694498,664750178,595076952,659060259,706236838,668831993,741242905,687729435,570614810,,663148301,,598345881,,,,725233422,,760356180,703985011,783745630,559848215,790614080,882427043,798989069,684341152,779982215,725593043,734997993,652928546,761224680,705542856,633844984,600704043,626334884,712738862,730763683,669654617,706933486,681981839,695785122,637961488,753565486,702842186,756739665,721621282,793876084,754245013,625445696,567548307,544483555,552378148,658438144,593644613,795749021,680898166
