Indicator,Trade flow,Commodity,Partner,Reporter,2016-01,2016-02,2016-03,2016-04,2016-05,2016-06,2016-07,2016-08,2016-09,2016-10,2016-11,2016-12,2017-01,2017-02,2017-03,2017-04,2017-05,2017-06,2017-07,2017-08,2017-09,2017-10,2017-11,2017-12,2018-01,2018-02,2018-03,2018-04,2018-05,2018-06,2018-07,2018-08,2018-09,2018-10,2018-11,2018-12,2019-01,2019-02,2019-03,2019-04,2019-05,2019-06,2019-07,2019-08,2019-09,2019-10,2019-11,2019-12,2020-01,2020-02,2020-03,2020-04,2020-05,2020-06,2020-07,2020-08,2020-09,2020-10,2020-11,2020-12,,
Value (US$),Imports,TOTAL Total of all HS commodities,Canada,Canada,"230,362,247.00","236,462,323.00","272,027,446.00","232,217,777.00","233,020,230.00","261,257,712.00","234,354,723.00","255,256,477.00","237,101,630.00","273,301,888.00","239,107,863.00","222,396,666.00","230,652,778.00","248,305,653.00","254,969,437.00","225,098,769.00","304,008,400.00","250,574,291.00","240,639,010.00","278,462,411.00","253,971,329.00","269,898,755.00","276,752,835.00","250,317,006.00","262,146,651.00","240,396,562.00","270,174,311.00","272,150,269.00","313,559,234.00","281,724,463.00","268,151,793.00","303,806,387.00","278,205,811.00","306,920,123.00","277,308,346.00","293,243,031.00","292,493,601.00",,"317,138,913.00","275,570,674.00","305,819,386.00","297,243,309.00","292,493,895.00","264,965,319.00","275,721,403.00","285,852,091.00","220,407,163.00","282,111,195.00",,,,,,,"191,266,394.00",,,,,,,
Value (US$),Imports,TOTAL Total of all HS commodities,Canada,Mexico,"616,082,948.00","734,425,437.00","795,886,416.00","843,822,934.00","782,138,807.00","878,720,274.00","808,531,261.00","853,402,558.00","826,313,131.00","848,152,500.00","833,863,662.00",,"637,078,657.00","725,826,284.00","910,117,464.00","714,684,767.00","843,176,211.00","774,701,855.00","751,984,849.00","903,868,036.00","815,803,368.00","933,834,724.00","898,595,282.00","878,088,023.00","779,674,866.00","800,628,172.00","939,483,381.00","838,406,306.00","1,006,601,978.00","937,627,554.00","893,675,178.00","888,023,982.00","841,328,225.00","1,103,399,370.00","932,872,333.00","764,517,936.00","757,558,500.00","785,416,556.00","808,732,342.00","791,163,068.00","883,291,105.00","768,103,512.00","911,578,790.00","863,464,865.00","804,890,630.00","802,167,806.00","805,522,053.00","822,338,088.00","775,896,403.00","739,042,028.00","824,983,405.00","423,108,511.00","323,312,821.00","665,473,495.00","663,198,246.00","654,271,093.00","753,245,474.00","865,370,942.00",,,,
Value (US$),Imports,TOTAL Total of all HS commodities,Canada,USA,"22,618,935,265.00","22,234,984,601.00","23,696,294,478.00","22,965,732,358.00","23,441,782,704.00","24,682,118,615.00","21,971,737,142.00","24,670,555,992.00","24,091,012,964.00","24,323,539,947.00","24,868,745,859.00","23,743,644,350.00","24,827,647,091.00","23,784,007,128.00","26,895,022,862.00","24,908,030,275.00",,"26,395,734,262.00","23,407,424,634.00","25,519,635,777.00",,"26,361,951,482.00","26,695,117,841.00","26,023,651,900.00","26,844,948,140.00","24,552,099,069.00","27,445,755,747.00","27,102,384,943.00","28,806,779,453.00","28,651,278,495.00","27,381,500,752.00","28,569,712,571.00","26,830,263,394.00","28,640,017,090.00","26,284,280,265.00","24,574,530,973.00","23,986,349,901.00","23,797,688,405.00","28,302,124,907.00","27,321,030,291.00","29,900,716,226.00","28,317,188,630.00","27,463,342,313.00","27,251,245,633.00","27,460,385,184.00","29,124,246,559.00","25,696,743,383.00","28,007,497,672.00","25,959,043,330.00","24,920,198,259.00","25,696,825,566.00","15,482,519,876.00","16,246,298,654.00","20,750,823,383.00","22,791,660,795.00","24,161,621,428.00","24,978,417,218.00","25,276,305,487.00","24,645,357,273.00",,,
Value (US$),Imports,TOTAL Total of all HS commodities,Mexico,Canada,"1,760,294,573.00","1,987,961,781.00","2,239,679,848.00","2,137,654,980.00","2,171,770,304.00","2,287,820,735.00","1,988,978,396.00","2,046,723,883.00","2,087,365,410.00","2,212,646,367.00","2,093,136,768.00","2,058,148,844.00","1,908,507,890.00","2,087,518,067.00","2,466,231,428.00","2,215,506,447.00","2,321,484,392.00","2,441,171,147.00","2,050,361,002.00","2,447,821,557.00","2,420,098,070.00","2,227,256,395.00","2,487,533,442.00","2,283,216,289.00","1,962,325,424.00","2,317,686,811.00","2,614,006,643.00","2,433,537,726.00","2,417,350,494.00","2,592,697,500.00","2,306,433,132.00","2,455,328,666.00","2,247,894,474.00","2,412,234,291.00","2,384,344,735.00","2,235,810,179.00","2,099,168,376.00","2,033,134,036.00","2,639,748,105.00","2,397,148,054.00","2,489,175,428.00","2,540,897,372.00","2,325,121,595.00","2,240,853,455.00","2,275,956,221.00","2,404,698,578.00","2,232,814,339.00","2,163,297,632.00","1,966,964,331.00","2,108,084,860.00","2,077,590,376.00","1,085,474,255.00","970,843,922.00","1,730,127,788.00","1,812,059,201.00","1,919,481,677.00","1,892,828,637.00","2,144,905,606.00","2,231,898,446.00",,,
Value (US$),Imports,TOTAL Total of all HS commodities,Mexico,USA,"22,640,155,215.00","23,425,192,088.00","24,988,587,287.00","25,342,744,376.00","25,079,902,330.00","25,130,152,207.00","23,225,377,704.00","25,776,294,783.00","25,296,367,033.00","26,623,202,069.00","25,610,146,509.00","23,720,064,227.00","23,711,530,733.00","24,138,030,800.00","28,327,072,901.00","25,399,047,944.00",,"27,561,403,395.00","24,875,656,207.00","27,284,072,680.00",,"28,986,386,713.00","27,911,348,624.00","25,330,452,493.00","26,193,856,439.00","26,183,042,191.00","30,242,776,459.00","28,448,075,038.00","29,704,221,701.00","29,816,511,296.00","28,445,510,479.00","31,346,632,839.00","29,408,830,947.00","32,130,011,803.00","29,911,772,180.00","27,364,003,744.00","27,946,186,982.00","27,871,992,442.00","31,626,318,886.00","30,657,677,059.00","32,377,526,250.00","30,763,685,177.00","30,344,468,218.00","31,273,580,583.00","29,768,716,150.00","31,333,077,214.00","29,465,600,251.00","27,892,108,212.00","28,644,561,733.00","29,352,414,453.00","30,420,589,371.00","16,042,148,641.00","15,147,055,713.00","26,082,545,740.00","29,377,539,032.00","30,113,197,483.00","30,138,158,680.00","33,481,092,456.00","30,172,227,207.00",,,
Value (US$),Imports,TOTAL Total of all HS commodities,USA,Canada,"15,475,199,346.00","16,546,208,648.00","18,283,733,431.00","18,719,942,683.00","18,661,974,043.00","19,317,187,440.00","16,472,683,383.00","18,457,654,214.00","17,641,550,370.00","17,651,189,728.00","16,676,681,127.00","16,320,837,534.00","16,424,379,818.00","16,755,709,946.00","19,623,641,408.00","17,959,037,053.00","19,761,903,051.00","19,875,071,885.00","17,005,660,972.00","19,362,439,119.00","19,026,688,517.00","18,680,071,520.00","19,471,041,362.00","17,969,552,044.00","17,848,399,107.00","18,823,949,319.00","21,524,630,298.00","20,518,163,060.00","21,561,802,750.00","20,787,787,736.00","18,444,046,537.00","19,955,363,732.00","19,270,200,812.00","20,330,984,893.00","18,711,779,471.00","17,341,190,315.00","17,743,434,697.00","18,624,309,316.00","20,798,168,289.00","20,052,657,253.00","20,840,193,195.00","19,508,850,464.00","18,073,801,480.00","19,939,213,093.00","19,007,855,391.00","19,741,668,021.00","18,097,623,884.00","17,325,005,402.00","17,844,134,779.00","18,488,913,418.00","18,695,529,721.00","11,410,281,200.00","11,244,374,827.00","15,547,694,901.00","16,282,033,744.00","17,702,812,639.00","18,138,451,421.00","17,763,408,297.00","17,103,848,879.00",,,
Value (US$),Imports,TOTAL Total of all HS commodities,USA,Mexico,"12,835,680,147.00","14,100,377,261.00","14,936,755,671.00","14,709,816,616.00","15,030,253,787.00","15,092,517,453.00","14,562,741,544.00","15,419,326,473.00","15,923,621,134.00","15,476,671,855.00","15,996,967,570.00",,"14,698,026,436.00","14,981,685,996.00","17,453,229,730.00","14,200,883,170.00","16,840,583,790.00","16,321,433,970.00","15,273,871,537.00","17,392,321,261.00","16,049,431,594.00","17,365,139,064.00","17,297,837,660.00","17,117,786,766.00","15,796,211,343.00","16,271,576,045.00","18,478,132,287.00","17,726,194,226.00","18,651,401,122.00","17,949,410,888.00","18,111,794,191.00","19,419,576,449.00","17,224,613,513.00","20,586,337,525.00","19,424,387,267.00","16,606,604,706.00","16,261,007,569.00","16,256,603,436.00","17,618,390,154.00","17,612,732,862.00","18,945,214,646.00","16,234,512,843.00","18,363,398,549.00","17,701,718,981.00","16,488,007,625.00","17,892,949,175.00","16,848,989,267.00","15,890,102,386.00","16,206,124,034.00","15,967,991,651.00","16,456,091,577.00","9,770,597,965.00","7,762,750,083.00","11,942,290,920.00","13,234,482,568.00","13,923,186,814.00","15,100,344,564.00","16,155,059,113.00",,,,
Value (US$),Imports,TOTAL Total of all HS commodities,World,Canada,"29,254,528,441.00","31,189,056,477.00","34,602,690,862.00","34,357,052,591.00","34,460,229,227.00","35,944,399,912.00","32,238,356,056.00","35,718,596,323.00","36,381,930,429.00","33,953,023,584.00","33,232,726,924.00","31,501,326,228.00","31,719,788,504.00","32,435,644,529.00","37,177,990,153.00","34,659,350,875.00","37,382,424,382.00","38,348,958,408.00","34,762,555,095.00","38,124,348,797.00","37,405,686,852.00","36,890,569,776.00","38,203,254,463.00","35,399,372,582.00","35,293,893,865.00","35,241,691,577.00","40,715,041,097.00","39,529,136,285.00","41,341,956,349.00","40,208,821,537.00","37,909,685,561.00","39,976,208,766.00","37,606,991,813.00","39,692,891,519.00","37,417,072,350.00","34,920,759,243.00","36,079,384,981.00","35,076,674,328.00","40,078,006,913.00","38,842,892,937.00","40,262,784,832.00","38,120,033,356.00","38,092,985,003.00","39,022,133,513.00","37,282,358,968.00","39,303,556,582.00","36,238,650,022.00","34,829,540,460.00","34,781,861,743.00","33,796,254,733.00","35,441,190,601.00","25,840,822,129.00","24,666,931,888.00","32,141,229,643.00","34,148,965,297.00","35,463,163,079.00","36,360,763,518.00","38,174,617,792.00","36,863,895,592.00",,,
Value (US$),Imports,TOTAL Total of all HS commodities,World,Mexico,"27,977,456,989.00","29,749,340,671.00","31,406,562,260.00","32,495,321,206.00","31,852,309,294.00","32,465,973,100.00","31,597,366,853.00","34,329,861,897.00","34,227,645,923.00","33,493,444,306.00","34,265,011,431.00",,"30,786,628,980.00","30,584,888,303.00","36,108,114,217.00","30,867,758,791.00","36,544,769,233.00","35,546,719,042.00","33,685,106,044.00","38,510,748,114.00","35,704,683,293.00","38,967,184,211.00","37,080,634,544.00","35,981,878,500.00","35,140,482,936.00","34,149,865,188.00","37,734,620,466.00","37,471,970,561.00","40,766,246,615.00","38,377,253,726.00","39,612,124,323.00","42,128,274,165.00","38,000,231,334.00","44,290,896,796.00","40,928,721,954.00","35,692,972,279.00","37,263,009,106.00","35,074,093,616.00","37,531,224,847.00","38,076,878,127.00","40,794,744,619.00","35,388,252,091.00","40,417,302,958.00","51,652,925,598.00","37,338,105,863.00","41,456,279,902.00","36,648,512,427.00","35,594,972,520.00","36,068,891,070.00","33,723,768,207.00","35,007,170,294.00","26,472,205,354.00","21,592,396,350.00","27,529,796,022.00","29,863,675,014.00","30,863,172,684.00","34,162,622,205.00","35,720,951,733.00",,,,
Value (US$),Imports,TOTAL Total of all HS commodities,World,USA,"170,796,005,963.00","173,246,584,457.00","183,461,764,284.00","179,474,808,736.00","188,620,797,220.00","193,895,462,855.00","186,952,788,614.00","199,420,437,707.00","190,831,336,808.00","197,411,163,119.00","196,532,123,895.00","189,017,616,774.00",,"174,148,552,445.00",,"191,608,996,088.00",,,,"207,458,797,371.00",,"216,754,702,782.00","213,084,642,398.00","205,573,990,059.00","209,017,800,127.00","192,344,630,178.00","213,778,860,811.00","211,094,120,159.00","222,517,902,218.00","217,600,147,849.00","222,973,639,576.00","228,351,326,189.00","217,507,336,101.00","242,876,146,799.00","220,159,704,279.00","213,210,875,871.00","210,756,593,047.00","191,213,563,562.00","213,573,036,023.00","214,735,935,654.00","226,872,440,809.00","213,075,539,484.00","225,090,933,779.00","221,815,920,493.00","212,408,805,947.00","225,165,794,226.00","204,810,957,938.00","207,972,676,141.00","202,039,927,819.00","183,256,071,198.00","199,552,338,938.00","170,472,110,871.00","168,987,161,544.00","184,886,066,435.00","206,507,506,826.00","209,439,292,560.00","212,436,902,064.00","226,163,789,343.00","219,391,292,326.00",,,
Value (US$),Exports,TOTAL Total of all HS commodities,Canada,Mexico,"673,513,620.00","855,808,067.00","1,030,015,330.00","835,010,153.00","901,328,049.00","923,001,396.00","794,148,149.00","864,480,566.00","930,894,423.00","845,542,186.00","982,818,186.00",,"682,462,676.00","856,658,547.00","1,015,522,584.00","872,858,533.00","865,463,839.00","963,157,067.00","880,966,405.00","1,168,846,798.00","980,139,317.00","1,004,666,425.00","1,054,301,116.00","1,010,823,971.00","839,608,920.00","1,101,379,236.00","1,356,813,916.00","1,216,921,256.00","1,128,559,217.00","1,000,133,851.00","1,155,620,053.00","1,186,631,431.00","1,225,629,037.00","1,211,835,983.00","1,301,854,749.00","1,189,447,775.00","957,045,547.00","1,234,000,659.00","1,238,814,440.00","1,209,999,314.00","1,170,094,872.00","1,230,571,245.00","1,057,114,124.00","1,445,958,845.00","1,008,261,266.00","1,239,961,451.00","1,165,037,408.00","1,175,696,888.00","1,028,225,484.00","1,047,081,065.00","1,109,045,534.00","421,954,600.00","374,476,087.00","869,043,591.00","904,055,805.00","1,090,931,071.00","989,978,120.00","1,126,677,049.00",,,,
Value (US$),Exports,TOTAL Total of all HS commodities,Canada,USA,"19,795,340,021.00","20,798,135,479.00","23,126,750,115.00","23,379,246,350.00","22,923,021,254.00","23,950,896,801.00","20,826,497,569.00","23,099,520,674.00","22,521,765,284.00","22,636,206,509.00","21,712,572,867.00","21,158,141,582.00","20,658,765,617.00","21,149,887,534.00","24,918,355,481.00","22,710,822,419.00",,"25,239,503,599.00","21,882,971,488.00","24,555,921,416.00",,"23,938,590,447.00","25,154,257,074.00","23,248,510,090.00","22,631,476,796.00","23,666,164,385.00","27,258,477,631.00","25,819,419,249.00","27,061,023,704.00","26,351,385,318.00","23,711,124,580.00","25,586,072,750.00","24,574,067,386.00","26,195,019,571.00","24,547,071,887.00","22,343,189,279.00","22,632,409,101.00","23,117,180,208.00","26,348,232,887.00","25,198,081,396.00","25,960,746,192.00","24,847,083,437.00","23,360,965,025.00","25,285,114,522.00","24,368,682,682.00","25,195,670,343.00","23,742,707,495.00","22,281,560,113.00","22,531,629,025.00","23,142,250,838.00","23,522,242,488.00","14,768,997,561.00","14,809,489,186.00","20,096,422,899.00","21,076,439,049.00","22,816,331,283.00","23,288,055,490.00","23,574,920,507.00","22,570,607,916.00",,,
Value (US$),Exports,TOTAL Total of all HS commodities,Mexico,Canada,"349,304,305.00","418,771,385.00","489,216,411.00","485,333,756.00","496,797,466.00","490,750,823.00","451,429,114.00","516,867,699.00","586,654,254.00","507,759,053.00","519,380,994.00","459,920,736.00","440,334,369.00","470,821,214.00","605,284,174.00","437,570,600.00","463,461,924.00","497,574,714.00","487,077,850.00","524,589,430.00","528,757,973.00","617,256,125.00","528,917,954.00","457,220,197.00","486,403,209.00","448,221,491.00","519,438,667.00","559,127,541.00","549,061,489.00","620,834,887.00","482,772,571.00","539,794,046.00","606,074,582.00","566,412,085.00","543,235,260.00","419,903,554.00","498,051,031.00","397,035,734.00","498,836,323.00","432,672,582.00","494,639,203.00","454,971,382.00","486,106,846.00","490,495,486.00","454,534,387.00","431,576,828.00","465,650,805.00","411,327,988.00","438,457,298.00","386,438,385.00","418,679,078.00","243,021,094.00","234,352,818.00","353,621,473.00","366,787,563.00","365,463,812.00","446,175,634.00","443,339,880.00","500,151,076.00",,,
Value (US$),Exports,TOTAL Total of all HS commodities,Mexico,USA,"18,065,821,662.00","18,226,266,428.00","19,338,779,373.00","19,385,064,326.00","19,040,586,277.00","19,556,260,793.00","18,303,669,930.00","20,282,565,272.00","19,845,805,767.00","20,211,374,879.00","19,592,458,002.00","19,110,433,507.00","19,533,768,942.00","18,146,923,436.00","21,021,750,908.00","18,863,545,207.00",,"21,350,539,318.00","19,737,801,687.00","20,868,643,316.00",,"22,111,917,426.00","21,671,147,513.00","19,718,216,479.00","21,419,262,872.00","20,369,005,141.00","21,969,521,733.00","22,504,995,954.00","23,005,408,018.00","22,202,729,415.00","22,847,371,786.00","22,490,518,350.00","21,542,617,126.00","24,646,848,090.00","22,958,598,871.00","19,477,905,169.00","21,913,674,829.00","20,209,248,667.00","21,830,029,323.00","22,214,851,012.00","22,448,997,846.00","20,655,031,455.00","22,121,797,089.00","22,073,672,685.00","20,633,926,556.00","22,295,928,445.00","20,906,407,391.00","19,067,521,199.00","20,833,957,402.00","19,397,470,423.00","20,048,068,514.00","12,527,542,645.00","10,440,323,370.00","15,787,255,885.00","18,448,794,043.00","17,047,019,040.00","18,703,114,281.00","20,508,218,453.00","19,301,947,369.00",,,
Value (US$),Exports,TOTAL Total of all HS commodities,USA,Canada,"23,867,690,954.00","23,262,422,440.00","24,806,144,831.00","23,631,278,637.00","24,550,666,441.00","25,861,345,989.00","23,154,800,579.00","25,826,577,061.00","25,529,609,536.00","25,384,170,322.00","25,935,999,692.00","24,699,714,979.00","26,022,623,759.00","24,881,219,907.00","27,710,165,421.00","25,847,891,554.00","27,976,273,572.00","27,569,797,265.00","24,346,513,632.00","26,569,956,889.00","25,852,507,645.00","27,446,539,055.00","27,939,993,769.00","26,752,135,952.00","27,784,760,293.00","25,483,906,734.00","28,363,905,117.00","28,115,146,202.00","29,756,712,326.00","29,696,214,831.00","28,318,829,291.00","29,503,221,329.00","27,773,930,991.00","29,890,739,977.00","27,326,169,112.00","25,457,677,969.00","25,061,587,149.00","24,635,032,946.00","29,346,296,122.00","28,235,787,873.00","30,839,866,869.00","29,171,075,209.00","28,268,300,276.00","28,285,746,992.00","28,291,904,302.00","29,596,616,643.00","26,653,826,063.00","28,049,373,854.00","26,820,159,530.00","25,631,309,304.00","26,277,476,981.00","16,081,005,262.00","16,663,364,333.00","21,681,509,649.00","23,586,497,746.00","25,179,536,853.00","26,051,749,625.00","26,483,382,128.00","25,306,858,682.00",,,
Value (US$),Exports,TOTAL Total of all HS commodities,USA,Mexico,"19,920,134,070.00","23,901,500,481.00","25,790,492,773.00","25,003,684,997.00","25,622,192,628.00","25,807,277,503.00","23,825,072,577.00","26,056,152,007.00","26,265,766,747.00","26,114,777,718.00","27,812,972,202.00",,"21,851,312,006.00","25,348,644,031.00","29,119,660,318.00","25,852,698,333.00","28,923,345,476.00","28,676,094,422.00","25,539,847,337.00","28,560,627,783.00","26,645,654,161.00","28,996,980,148.00","29,563,320,482.00","28,169,538,455.00","24,183,396,038.00","26,342,150,479.00","29,894,853,764.00","27,733,944,639.00","29,993,680,887.00","28,477,516,854.00","27,781,282,550.00","30,566,496,193.00","29,984,027,124.00","33,561,649,380.00","29,821,833,447.00","29,296,004,161.00","24,933,037,926.00","27,644,238,869.00","30,192,406,113.00","30,854,956,636.00","32,369,114,171.00","29,609,427,465.00","30,724,705,403.00","31,755,672,297.00","28,989,759,908.00","32,108,780,869.00","29,518,041,675.00","30,170,395,013.00","25,481,859,730.00","28,862,277,525.00","30,435,295,097.00","18,421,814,835.00","13,883,500,369.00","27,228,760,162.00","28,355,292,444.00","29,060,437,104.00","30,754,189,467.00","33,566,465,319.00",,,,
Value (US$),Exports,TOTAL Total of all HS commodities,World,Canada,"30,661,384,053.00","29,975,184,377.00","32,832,105,795.00","31,217,949,170.00","31,422,297,938.00","33,081,471,941.00","30,196,461,657.00","33,628,439,914.00","33,862,033,185.00","33,601,294,491.00","34,717,331,293.00","33,763,021,444.00","33,737,864,766.00","32,273,725,105.00","37,183,985,362.00","33,745,710,492.00","36,815,628,827.00","36,170,105,556.00","32,268,960,458.00","34,574,170,669.00","34,963,786,513.00","36,137,712,683.00","36,575,769,468.00","36,043,367,489.00","36,378,061,756.00","33,601,124,168.00","38,371,317,668.00","37,305,484,840.00","39,449,705,459.00","39,910,251,944.00","37,448,050,760.00","38,654,649,425.00","37,302,891,240.00","39,756,500,124.00","37,198,143,534.00","34,879,616,319.00","34,218,055,092.00","32,401,871,617.00","38,803,905,045.00","37,192,709,880.00","41,190,542,033.00","38,388,237,862.00","37,276,809,904.00","37,065,890,073.00","37,119,331,061.00","38,528,507,953.00","36,225,518,554.00","37,857,255,425.00","35,551,383,101.00","33,469,032,791.00","34,447,662,185.00","23,380,379,134.00","24,301,246,434.00","30,235,321,537.00","31,830,670,694.00","32,724,917,593.00","34,949,204,247.00","35,747,407,550.00","35,580,426,870.00",,,
Value (US$),Exports,TOTAL Total of all HS commodities,World,Mexico,"24,684,194,656.00","28,964,812,666.00","31,486,477,565.00","30,412,058,211.00","31,322,088,365.00","31,938,437,826.00","29,766,747,394.00","32,414,078,986.00","32,613,733,148.00","32,587,546,800.00","34,463,262,987.00",,"27,310,162,137.00","31,343,924,469.00","36,045,524,653.00","31,766,578,663.00","35,338,084,017.00","35,541,270,680.00","32,151,828,766.00","35,918,443,630.00","33,768,506,374.00","36,713,483,116.00","37,487,279,936.00","35,973,198,104.00","30,718,580,281.00","35,092,841,823.00","39,480,765,242.00","37,180,960,796.00","39,214,152,918.00","37,483,747,622.00","36,741,359,862.00","39,540,882,119.00","37,700,327,315.00","41,354,751,320.00","38,595,447,183.00","37,597,346,097.00","32,619,692,830.00","36,409,211,058.00","39,016,031,758.00","39,447,059,344.00","41,822,639,124.00","37,949,255,592.00","39,294,360,050.00","51,610,758,724.00","37,220,871,352.00","40,730,477,552.00","37,478,601,310.00","38,661,427,574.00","33,583,715,088.00","36,589,492,396.00","38,342,697,819.00","23,383,299,067.00","18,068,348,857.00","33,076,474,130.00","35,655,846,025.00","36,979,024,492.00","38,546,606,327.00","41,944,511,089.00",,,,
Value (US$),Exports,TOTAL Total of all HS commodities,World,USA,"108,368,728,961.00","113,730,987,672.00","125,400,958,429.00","119,003,815,948.00","119,566,117,670.00","124,993,804,252.00","116,118,487,428.00","122,726,647,871.00","124,484,449,116.00","128,717,037,286.00","123,426,917,624.00","126,629,195,694.00",,"119,288,592,363.00",,"123,682,791,875.00",,,,"129,231,750,076.00",,"135,963,011,034.00","135,240,256,139.00","136,366,591,317.00","124,905,531,961.00","128,131,722,639.00","149,796,242,838.00","137,987,283,501.00","145,382,811,366.00","145,328,208,782.00","133,658,201,534.00","140,067,275,895.00","139,113,130,990.00","147,073,575,990.00","139,742,226,984.00","134,116,724,111.00","129,454,163,658.00","130,441,636,572.00","148,092,232,697.00","135,081,092,045.00","142,149,166,766.00","137,999,278,054.00","132,758,811,537.00","138,599,626,805.00","134,555,474,833.00","142,173,139,770.00","137,218,927,622.00","135,752,670,424.00","128,979,511,214.00","131,992,099,314.00","134,400,749,545.00","95,683,779,400.00","90,584,959,523.00","104,967,248,780.00","112,581,599,137.00","117,958,253,650.00","121,378,736,772.00","132,402,660,776.00","126,854,420,188.00",,,
Value (US$),Imports,02 Meat and edible meat offal,Canada,Canada,,,1.00,,,"46,054.00",,"9,441.00",,,,"5,135.00",,"25,603.00","3,339.00","31,923.00",,"36,817.00",,,,,"30,778.00","71,810.00",,"58,329.00","5,612.00",,"70,783.00",,,"29,499.00",,,,,,,"6,727.00",230.00,"23,947.00","37,458.00",126.00,,9.00,"519,964.00","104,230.00",62.00,,,,,,,,,,,,,,
Value (US$),Imports,02 Meat and edible meat offal,Canada,Mexico,"24,502,708.00","26,241,096.00","24,197,067.00","26,929,582.00","26,196,996.00","20,668,374.00","28,936,646.00","36,968,998.00","33,314,615.00","26,559,080.00","30,611,909.00",,"22,380,356.00","23,891,885.00","25,584,195.00","20,702,808.00","27,053,169.00","28,010,352.00","34,886,724.00","31,891,457.00","30,435,251.00","27,773,091.00","27,618,194.00","28,087,542.00","26,278,087.00","26,722,116.00","23,870,799.00","27,217,081.00","27,178,469.00","29,739,626.00","38,809,512.00","44,929,034.00","35,515,162.00","41,863,537.00","36,553,709.00","36,341,845.00","35,795,718.00","33,588,097.00","28,697,162.00","27,702,001.00","34,355,177.00","32,654,846.00","45,562,161.00","46,877,217.00","37,873,973.00","43,597,722.00","43,876,243.00","36,975,192.00","33,313,508.00","34,186,230.00","22,476,981.00","11,457,835.00","11,823,248.00","15,164,481.00","15,410,904.00","15,789,532.00","15,240,791.00","25,293,898.00",,,,
Value (US$),Imports,02 Meat and edible meat offal,Canada,USA,"194,713,762.00","192,444,569.00","213,359,448.00","197,625,741.00","198,449,448.00","188,137,899.00","201,828,962.00","214,600,463.00","207,757,314.00","217,887,721.00","202,124,183.00","188,790,120.00","169,080,774.00","178,007,219.00","206,499,808.00","200,317,741.00",,"227,330,931.00","230,533,286.00","225,075,926.00",,"206,027,585.00","215,154,600.00","184,125,226.00","189,419,327.00","186,288,725.00","217,802,115.00","196,320,520.00","201,463,339.00","213,643,684.00","214,425,660.00","214,715,948.00","208,929,895.00","222,634,260.00","214,672,939.00","203,659,603.00","205,876,503.00","192,353,192.00","236,502,947.00","202,645,439.00","212,585,243.00","220,073,212.00","211,399,526.00","232,636,717.00","225,856,903.00","238,352,850.00","247,090,632.00","204,323,104.00","202,963,610.00","183,287,805.00","209,896,981.00","135,578,738.00","287,563,010.00","267,987,862.00","219,730,988.00","232,604,529.00","213,207,960.00","265,477,236.00","267,671,068.00",,,
Value (US$),Imports,02 Meat and edible meat offal,Mexico,Canada,"1,084,947.00","1,244,729.00","1,103,467.00","1,663,320.00","1,708,918.00","2,373,499.00","1,686,155.00","1,944,869.00","1,639,329.00","1,212,819.00","837,465.00","1,736,846.00","1,973,534.00","1,456,408.00","2,031,943.00","1,820,096.00","1,199,109.00","2,290,264.00","1,518,941.00","1,754,514.00","1,385,464.00","1,638,017.00","1,635,648.00","2,054,023.00","2,240,432.00","2,141,216.00","3,003,701.00","1,928,188.00","1,987,719.00","2,822,865.00","2,121,675.00","3,462,452.00","2,784,112.00","2,121,397.00","2,782,724.00","3,284,853.00","3,501,928.00","2,683,237.00","2,620,447.00","3,650,125.00","4,241,564.00","5,747,334.00","3,354,654.00","3,682,242.00","3,102,011.00","3,594,963.00","3,366,509.00","3,596,085.00","3,144,356.00","4,771,006.00","4,759,391.00","3,091,006.00","8,091,323.00","6,637,509.00","3,767,519.00","5,288,943.00","5,163,199.00","6,118,963.00","3,611,044.00",,,
Value (US$),Imports,02 Meat and edible meat offal,Mexico,USA,"82,416,885.00","92,068,367.00","94,768,920.00","98,281,314.00","102,368,301.00","98,734,214.00","85,179,793.00","102,139,652.00","91,115,966.00","94,438,142.00","95,617,916.00","82,385,445.00","93,073,984.00","84,195,519.00","94,515,396.00","81,526,674.00",,"101,643,343.00","103,509,908.00","92,964,521.00",,"104,019,762.00","102,546,777.00","89,168,717.00","100,057,593.00","96,600,257.00","92,550,545.00","80,443,049.00","118,884,272.00","120,931,500.00","107,515,042.00","101,724,617.00","92,378,571.00","98,609,869.00","101,035,677.00","93,244,117.00","109,186,622.00","111,368,343.00","120,137,064.00","119,859,861.00","119,856,699.00","111,954,630.00","113,703,638.00","112,430,749.00","111,172,110.00","119,242,304.00","116,142,530.00","112,325,593.00","113,514,470.00","112,264,744.00","130,728,137.00","121,450,405.00","193,848,208.00","176,788,627.00","149,564,949.00","144,178,043.00","133,091,736.00","107,042,264.00","92,805,010.00",,,
Value (US$),Imports,02 Meat and edible meat offal,USA,Canada,"107,556,027.00","100,563,571.00","112,011,155.00","109,322,341.00","145,546,720.00","143,942,618.00","134,457,993.00","112,446,231.00","114,708,830.00","108,470,485.00","117,308,765.00","120,255,532.00","106,141,301.00","103,642,575.00","122,715,853.00","112,845,523.00","114,886,562.00","122,745,912.00","140,089,584.00","116,205,210.00","121,680,739.00","110,103,963.00","109,556,256.00","115,891,398.00","97,601,912.00","92,899,417.00","109,822,957.00","108,327,628.00","122,579,208.00","118,274,870.00","122,770,612.00","109,331,544.00","108,613,845.00","99,422,635.00","107,231,395.00","103,572,396.00","90,463,047.00","80,788,642.00","103,582,720.00","102,322,699.00","110,420,333.00","107,434,091.00","110,886,782.00","104,330,241.00","108,847,780.00","98,182,936.00","106,931,632.00","100,384,163.00","105,718,667.00","101,769,172.00","130,292,652.00","114,736,227.00","109,484,128.00","113,637,042.00","125,159,159.00","133,447,772.00","131,879,825.00","113,748,347.00","109,716,066.00",,,
Value (US$),Imports,02 Meat and edible meat offal,USA,Mexico,"210,926,982.00","219,758,279.00","220,205,158.00","247,987,899.00","262,823,165.00","245,168,546.00","245,014,716.00","267,747,589.00","260,708,113.00","233,230,969.00","260,789,878.00",,"257,433,100.00","239,570,767.00","261,881,679.00","227,834,016.00","285,778,078.00","276,270,136.00","266,985,451.00","282,901,123.00","263,971,755.00","276,006,297.00","272,707,454.00","282,039,269.00","284,350,523.00","263,154,399.00","250,400,032.00","297,762,122.00","263,956,299.00","255,098,753.00","240,266,606.00","265,591,787.00","223,651,175.00","269,473,387.00","247,535,507.00","241,588,809.00","257,161,929.00","222,751,009.00","226,420,776.00","258,526,683.00","282,132,657.00","301,049,971.00","325,942,509.00","321,231,108.00","274,459,068.00","295,728,073.00","315,014,823.00","342,853,899.00","356,456,617.00","302,972,413.00","291,769,534.00","177,208,182.00","143,279,138.00","186,220,723.00","212,232,878.00","208,992,237.00","237,310,604.00","276,231,346.00",,,,
Value (US$),Imports,02 Meat and edible meat offal,World,Canada,"174,127,636.00","157,952,616.00","174,150,510.00","163,699,967.00","189,050,582.00","184,339,581.00","176,227,456.00","157,747,251.00","163,712,219.00","147,841,234.00","155,263,348.00","158,444,442.00","157,107,065.00","144,191,617.00","177,985,457.00","160,208,020.00","161,206,991.00","172,330,871.00","189,580,499.00","165,158,390.00","174,909,284.00","162,277,703.00","166,620,069.00","167,497,744.00","162,158,970.00","159,171,193.00","173,143,174.00","164,796,505.00","166,764,414.00","160,585,076.00","166,727,929.00","155,065,909.00","148,367,445.00","157,832,361.00","156,944,873.00","153,553,953.00","150,805,230.00","129,963,654.00","166,617,938.00","153,366,658.00","166,788,033.00","158,125,819.00","159,343,585.00","148,276,772.00","144,949,599.00","150,640,429.00","156,008,785.00","153,310,005.00","160,058,877.00","146,356,851.00","214,207,715.00","184,087,633.00","170,310,255.00","172,721,312.00","198,809,249.00","196,516,864.00","194,835,634.00","173,140,407.00","173,394,085.00",,,
Value (US$),Imports,02 Meat and edible meat offal,World,Mexico,"249,502,932.00","261,468,011.00","268,351,323.00","302,877,464.00","316,124,907.00","293,356,816.00","303,254,685.00","332,526,104.00","316,516,655.00","283,219,331.00","314,551,856.00",,"299,376,067.00","281,157,599.00","312,737,003.00","274,100,323.00","336,611,227.00","334,409,681.00","338,446,833.00","367,280,720.00","343,519,636.00","351,673,673.00","344,172,664.00","336,241,341.00","324,003,249.00","304,790,903.00","303,074,539.00","360,652,281.00","330,859,657.00","321,800,452.00","321,226,757.00","348,060,150.00","292,077,511.00","352,641,675.00","313,227,075.00","305,865,045.00","320,354,327.00","276,555,762.00","280,907,356.00","305,570,289.00","335,055,639.00","349,607,931.00","408,536,195.00","426,806,765.00","362,259,595.00","375,258,480.00","380,011,342.00","399,147,505.00","404,365,069.00","346,236,564.00","328,762,705.00","201,161,441.00","163,921,993.00","214,004,934.00","239,078,963.00","237,859,673.00","266,876,764.00","319,162,647.00",,,,
Value (US$),Imports,02 Meat and edible meat offal,World,USA,"719,006,052.00","649,469,488.00","750,110,891.00","710,311,954.00","722,949,070.00","719,826,463.00","677,987,700.00","676,414,431.00","563,583,800.00","593,162,328.00","580,356,566.00","548,737,344.00",,"554,392,540.00",,"677,545,675.00",,,,"766,897,712.00",,"679,552,376.00","632,168,507.00","620,967,207.00","715,527,062.00","641,622,458.00","737,115,664.00","675,665,134.00","780,715,288.00","780,803,931.00","797,483,972.00","729,947,238.00","629,277,028.00","662,273,530.00","649,269,152.00","627,460,375.00","746,976,150.00","619,897,999.00","797,848,162.00","792,782,296.00","797,834,431.00","717,670,699.00","758,749,058.00","729,406,572.00","664,641,835.00","710,121,216.00","712,451,913.00","715,984,787.00","766,891,700.00","682,785,783.00","860,217,796.00","702,064,704.00","836,617,774.00","835,796,926.00","923,269,390.00","887,377,481.00","795,118,187.00","736,116,755.00","738,119,778.00",,,
Value (US$),Imports,07 Vegetables and certain roots and tubers; edible,Canada,Canada,"380,758.00","530,550.00","374,119.00","200,788.00","240,261.00","257,832.00","210,099.00","173,699.00","260,321.00","195,116.00","225,611.00","189,460.00","138,394.00","156,746.00","158,571.00","185,565.00","358,136.00","186,670.00","274,633.00","224,461.00","277,433.00","318,482.00","248,631.00","169,901.00","164,915.00","378,529.00","195,324.00","186,865.00","318,171.00","456,711.00","216,824.00","332,430.00","194,659.00","169,500.00","104,521.00","121,986.00","133,551.00",,"139,401.00","177,040.00","963,314.00","285,076.00","650,437.00","742,587.00","624,215.00","535,528.00","371,127.00","205,360.00",,,,,,,"652,950.00",,,,,,,
Value (US$),Imports,07 Vegetables and certain roots and tubers; edible,Canada,Mexico,"2,946,295.00","5,299,092.00","3,533,298.00","3,180,270.00","2,935,848.00","3,376,787.00","2,019,923.00","1,770,405.00","3,313,841.00","2,711,037.00","4,029,554.00",,"6,462,408.00","7,624,006.00","7,392,007.00","1,898,792.00","2,458,847.00","1,093,741.00","2,291,973.00","5,471,087.00","5,812,690.00","6,316,993.00","5,117,046.00","5,282,029.00","5,336,207.00","9,788,454.00","8,004,283.00","14,030,938.00","11,561,848.00","9,421,858.00","5,221,181.00","8,841,114.00","10,992,627.00","5,961,316.00","3,336,651.00","2,176,952.00","2,761,455.00","2,892,573.00","3,203,974.00","1,799,331.00","2,346,706.00","3,734,771.00","2,181,297.00","2,141,650.00","1,477,444.00","923,361.00","1,622,376.00","2,247,905.00","2,895,807.00","2,458,184.00","3,900,907.00","2,669,400.00","3,181,784.00","5,594,186.00","5,518,963.00","3,509,806.00","2,351,964.00","4,024,892.00",,,,
Value (US$),Imports,07 Vegetables and certain roots and tubers; edible,Canada,USA,"81,619,817.00","80,341,810.00","103,651,840.00","136,671,667.00","158,417,836.00","172,628,056.00","188,370,186.00","198,956,625.00","188,257,707.00","154,122,703.00","120,361,050.00","87,267,006.00","86,904,969.00","81,922,606.00","107,620,547.00","137,552,370.00",,"178,258,912.00","205,259,784.00","212,239,213.00",,"199,391,844.00","139,914,011.00","99,492,490.00","107,949,806.00","90,940,816.00","117,591,512.00","147,624,700.00","178,248,555.00","193,771,963.00","224,264,442.00","226,109,067.00","211,951,464.00","186,772,965.00","142,167,451.00","105,420,011.00","99,401,616.00","87,941,347.00","117,974,627.00","165,836,407.00","186,387,529.00","194,764,251.00","230,669,020.00","230,419,473.00","228,644,413.00","199,203,663.00","146,478,173.00","106,440,168.00","109,250,252.00","98,096,297.00","158,333,094.00","187,647,572.00","223,014,310.00","236,787,615.00","258,837,479.00","244,673,675.00","250,308,831.00","214,605,684.00","166,540,000.00",,,
Value (US$),Imports,07 Vegetables and certain roots and tubers; edible,Mexico,Canada,"141,679,547.00","116,546,017.00","107,596,494.00","72,399,109.00","46,613,744.00","29,156,092.00","24,069,758.00","20,099,566.00","21,413,298.00","39,468,640.00","59,963,695.00","84,740,487.00","109,091,906.00","102,639,801.00","103,817,148.00","79,523,926.00","53,335,580.00","37,282,885.00","27,115,072.00","19,523,932.00","20,724,160.00","40,829,713.00","76,800,923.00","106,223,962.00","132,393,050.00","104,263,636.00","106,454,438.00","70,275,140.00","53,488,713.00","35,374,241.00","27,755,890.00","21,699,365.00","22,278,030.00","46,944,797.00","78,126,798.00","110,186,033.00","132,028,538.00","112,128,607.00","120,410,705.00","80,758,225.00","55,274,398.00","38,524,940.00","28,484,443.00","23,011,689.00","24,211,711.00","46,338,616.00","75,055,379.00","98,870,579.00","133,216,918.00","118,372,035.00","123,941,097.00","71,286,504.00","60,161,474.00","43,121,731.00","36,083,237.00","26,482,755.00","28,868,622.00","51,870,915.00","80,752,895.00",,,
Value (US$),Imports,07 Vegetables and certain roots and tubers; edible,Mexico,USA,"867,241,580.00","887,899,275.00","820,642,897.00","634,801,910.00","470,169,094.00","372,113,028.00","302,306,753.00","286,238,687.00","294,823,474.00","401,496,923.00","486,067,227.00","551,875,083.00","655,889,170.00","706,843,947.00","789,485,204.00","610,324,441.00",,"379,263,075.00","308,586,545.00","287,346,949.00",,"452,267,289.00","548,327,427.00","659,322,537.00","873,006,365.00","742,767,076.00","799,753,262.00","611,470,279.00","531,541,719.00","392,968,120.00","331,686,225.00","324,864,837.00","323,064,392.00","472,825,166.00","554,840,612.00","701,229,579.00","897,949,002.00","787,068,540.00","905,437,662.00","702,045,477.00","549,208,602.00","412,591,171.00","366,666,261.00","341,316,675.00","357,639,253.00","500,481,635.00","599,786,237.00","725,937,068.00","979,545,385.00","907,001,032.00","947,283,647.00","636,828,241.00","630,717,298.00","534,092,187.00","466,956,913.00","417,443,015.00","453,105,173.00","591,157,714.00","689,956,156.00",,,
Value (US$),Imports,07 Vegetables and certain roots and tubers; edible,USA,Canada,"170,171,052.00","136,431,559.00","157,265,000.00","170,202,720.00","200,621,285.00","181,778,883.00","145,505,521.00","115,659,611.00","128,894,870.00","140,185,725.00","153,335,308.00","159,501,865.00","146,475,220.00","141,604,045.00","163,220,257.00","199,954,643.00","204,942,372.00","197,061,737.00","164,124,097.00","128,684,742.00","131,479,808.00","151,993,686.00","157,886,992.00","158,576,709.00","153,298,746.00","130,652,653.00","167,967,153.00","168,649,972.00","203,591,350.00","182,054,160.00","146,375,747.00","121,388,971.00","123,932,087.00","144,656,405.00","165,982,771.00","188,327,038.00","162,890,698.00","145,323,651.00","188,207,919.00","198,688,915.00","220,338,807.00","209,800,132.00","182,108,457.00","139,289,652.00","122,657,656.00","151,616,020.00","162,432,681.00","163,623,063.00","172,880,178.00","151,277,043.00","178,955,916.00","167,086,564.00","193,503,512.00","178,563,111.00","170,823,109.00","131,785,037.00","130,909,034.00","161,692,389.00","169,393,283.00",,,
Value (US$),Imports,07 Vegetables and certain roots and tubers; edible,USA,Mexico,"24,589,027.00","33,779,598.00","24,957,984.00","25,664,596.00","21,485,529.00","22,117,055.00","19,530,873.00","31,005,928.00","29,012,282.00","25,610,823.00","23,442,907.00",,"19,919,236.00","21,373,709.00","25,712,705.00","18,482,556.00","19,188,405.00","21,377,638.00","24,844,988.00","38,137,217.00","42,426,961.00","50,971,061.00","33,117,142.00","36,134,889.00","28,647,618.00","25,008,665.00","24,607,282.00","25,472,803.00","22,500,306.00","20,937,937.00","23,703,871.00","33,292,468.00","32,865,140.00","39,488,845.00","31,855,529.00","29,390,538.00","32,956,268.00","26,356,769.00","25,843,352.00","25,652,454.00","26,102,658.00","23,075,502.00","29,867,145.00","32,415,791.00","35,456,896.00","42,557,285.00","37,471,846.00","38,026,092.00","33,720,967.00","31,453,462.00","29,285,605.00","26,413,447.00","25,770,032.00","27,425,725.00","27,740,843.00","33,700,702.00","54,278,227.00","67,644,796.00",,,,
Value (US$),Imports,07 Vegetables and certain roots and tubers; edible,World,Canada,"358,084,392.00","286,927,134.00","296,188,261.00","272,564,565.00","277,129,795.00","240,460,005.00","199,495,326.00","165,694,896.00","180,726,115.00","211,603,363.00","254,408,651.00","296,207,289.00","297,103,210.00","275,840,809.00","302,250,988.00","313,654,010.00","292,047,321.00","267,311,663.00","223,285,742.00","179,971,699.00","186,776,695.00","230,925,587.00","277,893,131.00","308,040,628.00","327,177,425.00","267,186,805.00","309,670,169.00","275,107,338.00","292,987,844.00","244,606,004.00","205,195,233.00","170,933,401.00","180,009,862.00","227,777,779.00","284,390,530.00","351,401,368.00","347,552,032.00","292,118,104.00","349,376,871.00","317,456,392.00","311,406,552.00","277,356,052.00","246,989,070.00","198,237,517.00","184,513,757.00","240,492,552.00","281,714,578.00","318,699,695.00","356,907,699.00","305,959,662.00","343,896,239.00","278,544,368.00","296,387,414.00","260,838,344.00","245,635,182.00","191,527,812.00","200,459,556.00","262,085,551.00","296,896,607.00",,,
Value (US$),Imports,07 Vegetables and certain roots and tubers; edible,World,Mexico,"42,149,517.00","49,952,339.00","32,925,115.00","31,356,898.00","26,125,899.00","28,041,957.00","24,997,210.00","35,913,211.00","35,829,573.00","32,289,850.00","33,496,874.00",,"40,121,508.00","35,688,532.00","36,788,344.00","23,019,415.00","24,420,943.00","25,630,346.00","29,767,139.00","46,824,628.00","53,059,183.00","65,768,547.00","47,593,566.00","53,196,812.00","48,255,865.00","42,593,058.00","37,288,861.00","42,102,903.00","37,434,744.00","33,546,614.00","32,637,889.00","46,595,263.00","47,555,330.00","52,858,691.00","41,275,257.00","44,722,400.00","49,292,869.00","37,276,288.00","32,642,110.00","31,154,298.00","32,947,016.00","29,791,541.00","35,012,785.00","524,949,090.00","40,433,433.00","48,617,621.00","45,044,061.00","52,219,447.00","52,934,348.00","46,228,117.00","37,787,873.00","32,925,889.00","31,537,592.00","35,437,387.00","36,337,930.00","40,518,464.00","60,804,504.00","79,811,692.00",,,,
Value (US$),Imports,07 Vegetables and certain roots and tubers; edible,World,USA,"1,147,700,487.00","1,121,339,479.00","1,077,280,192.00","931,457,009.00","796,259,914.00","698,913,160.00","655,810,368.00","696,280,019.00","686,890,700.00","772,991,440.00","824,853,685.00","894,908,237.00",,"948,981,762.00",,"908,775,704.00",,,,"684,383,504.00",,"868,065,871.00","909,770,163.00","978,403,511.00","1,195,980,393.00","998,596,741.00","1,094,294,569.00","929,528,752.00","898,239,800.00","755,619,953.00","736,479,607.00","744,705,128.00","729,580,802.00","886,026,540.00","916,557,588.00","1,050,266,213.00","1,217,733,949.00","1,031,680,635.00","1,185,047,454.00","1,038,612,937.00","927,793,451.00","767,280,192.00","788,425,628.00","773,673,433.00","797,670,544.00","922,401,078.00","962,365,408.00","1,074,964,106.00","1,337,063,219.00","1,177,658,104.00","1,282,143,879.00","1,001,027,199.00","1,053,258,132.00","960,663,162.00","932,126,462.00","867,975,827.00","909,837,850.00","1,044,344,217.00","1,082,612,220.00",,,
Value (US$),Imports,"08 Fruit and nuts, edible; peel of citrus fruit or melons",Canada,Canada,"884,274.00","1,184,817.00","372,113.00","606,575.00","239,933.00","408,719.00","432,596.00","575,137.00","829,383.00","407,518.00","1,878,965.00","592,806.00","1,887,575.00","256,948.00","1,395,575.00","647,762.00","710,314.00","539,630.00","342,188.00","1,495,358.00","2,912,826.00","1,688,719.00","1,310,969.00","1,512,515.00","1,233,106.00","169,580.00","1,740,163.00","2,841,083.00","1,635,238.00","1,245,957.00","1,987,134.00","3,110,900.00","1,068,808.00","516,819.00","365,245.00","981,032.00","1,547,118.00",,"1,166,708.00","1,361,440.00","2,020,880.00","2,104,659.00","1,445,521.00","1,438,059.00","959,644.00","2,312,127.00","2,475,127.00","2,164,558.00",,,,,,,"1,258,761.00",,,,,,,
Value (US$),Imports,"08 Fruit and nuts, edible; peel of citrus fruit or melons",Canada,Mexico,"10,528.00","8,029.00","9,332.00","12,315.00","72,491.00","73,466.00","135,879.00","48,526.00","8,780.00","80,105.00","511,181.00",,"284,768.00","76,530.00","109,480.00","51,305.00","156,964.00","153,356.00","68,397.00","143,919.00","61,095.00","217,235.00","250,033.00","263,113.00","99,689.00","138,036.00","179,238.00","47,602.00","109,081.00","129,379.00","85,793.00","105,211.00","129,883.00","402,387.00","343,631.00","255,651.00","137,531.00","468,640.00","553,750.00","715,971.00","354,400.00","384,955.00","61,619.00","9,636.00","136,780.00","339,776.00","478,527.00","227,310.00","156,256.00","212,417.00","233,247.00","153,832.00",,"111,430.00","153,783.00","235,672.00","59,964.00","27,962.00",,,,
Value (US$),Imports,"08 Fruit and nuts, edible; peel of citrus fruit or melons",Canada,USA,"13,567,296.00","13,879,961.00","15,351,182.00","14,987,189.00","13,758,262.00","28,364,811.00","71,297,430.00","63,837,238.00","36,681,927.00","70,125,281.00","27,689,789.00","16,955,663.00","17,207,443.00","13,311,808.00","17,546,340.00","15,866,435.00",,"14,074,591.00","65,235,664.00","84,282,229.00",,"46,362,706.00","24,696,907.00","12,534,349.00","14,948,388.00","14,263,670.00","15,858,999.00","17,964,016.00","18,904,786.00","16,903,602.00","59,473,116.00","94,449,306.00","43,207,198.00","62,815,685.00","28,598,466.00","16,898,908.00","20,538,661.00","19,467,274.00","20,465,417.00","21,691,727.00","22,251,119.00","19,796,210.00","81,268,618.00","82,433,032.00","35,367,802.00","45,755,359.00","25,792,585.00","18,112,436.00","21,659,552.00","19,708,257.00","20,549,114.00","20,926,388.00","24,003,882.00","18,454,227.00","59,510,547.00","89,536,617.00","40,512,063.00","61,612,711.00","29,756,027.00",,,
Value (US$),Imports,"08 Fruit and nuts, edible; peel of citrus fruit or melons",Mexico,Canada,"44,071,162.00","46,210,203.00","47,874,355.00","67,994,294.00","87,765,978.00","61,835,118.00","33,802,148.00","31,399,669.00","29,964,102.00","41,866,266.00","52,227,987.00","51,051,888.00","59,295,329.00","63,738,531.00","73,409,811.00","78,763,549.00","89,708,613.00","77,541,513.00","39,154,915.00","32,020,477.00","34,612,185.00","49,872,842.00","59,637,548.00","60,839,952.00","67,121,039.00","59,011,850.00","75,150,816.00","83,764,300.00","92,271,381.00","80,328,089.00","42,819,073.00","35,633,387.00","32,709,314.00","46,150,015.00","58,874,165.00","61,187,850.00","66,482,441.00","70,430,070.00","79,853,816.00","91,708,533.00","91,808,401.00","88,341,366.00","48,468,625.00","40,289,093.00","38,134,761.00","51,466,120.00","66,137,099.00","68,002,874.00","74,080,891.00","69,339,439.00","92,560,537.00","74,589,477.00","93,298,567.00","88,997,025.00","51,330,940.00","37,606,010.00","37,191,477.00","61,512,970.00","69,511,643.00",,,
Value (US$),Imports,"08 Fruit and nuts, edible; peel of citrus fruit or melons",Mexico,USA,"537,332,568.00","505,527,264.00","558,145,565.00","624,661,300.00","828,624,354.00","501,948,085.00","325,822,278.00","326,051,816.00","398,549,578.00","472,184,698.00","544,690,309.00","581,279,412.00","624,209,860.00","615,257,550.00","755,986,597.00","762,949,550.00",,"670,327,462.00","344,114,687.00","422,480,157.00",,"481,381,804.00","549,947,624.00","657,946,518.00","697,788,552.00","674,597,002.00","762,960,972.00","804,057,572.00","835,290,454.00","678,954,580.00","363,834,010.00","431,485,418.00","355,073,356.00","488,998,844.00","613,694,876.00","620,624,597.00","783,168,937.00","748,855,482.00","855,786,310.00","963,044,779.00","957,886,181.00","876,318,004.00","461,146,865.00","430,104,684.00","456,404,324.00","562,977,854.00","631,300,033.00","721,439,900.00","853,644,415.00","776,442,252.00","895,383,640.00","772,581,509.00","861,897,767.00","836,988,380.00","407,313,878.00","438,134,045.00","440,077,505.00","635,397,139.00","662,849,015.00",,,
Value (US$),Imports,"08 Fruit and nuts, edible; peel of citrus fruit or melons",USA,Canada,"110,419,604.00","116,879,548.00","132,194,482.00","139,529,878.00","232,371,959.00","249,938,987.00","225,853,974.00","198,375,610.00","183,686,745.00","177,307,080.00","157,213,676.00","116,251,533.00","107,383,419.00","101,677,086.00","121,196,453.00","141,362,972.00","199,413,090.00","249,741,636.00","253,372,553.00","196,113,340.00","193,554,842.00","171,319,996.00","159,868,896.00","128,449,055.00","116,281,613.00","112,702,562.00","118,632,921.00","141,136,477.00","185,995,823.00","261,930,209.00","238,724,243.00","174,812,897.00","189,017,410.00","162,061,776.00","165,948,254.00","122,268,956.00","100,112,111.00","98,495,114.00","114,044,305.00","133,585,525.00","179,579,691.00","248,293,407.00","238,347,615.00","200,996,586.00","178,918,925.00","161,208,812.00","160,436,002.00","122,814,650.00","105,363,290.00","117,062,202.00","144,049,836.00","132,786,042.00","206,460,593.00","245,753,750.00","257,165,493.00","210,840,388.00","180,736,785.00","174,104,576.00","158,571,656.00",,,
Value (US$),Imports,"08 Fruit and nuts, edible; peel of citrus fruit or melons",USA,Mexico,"46,799,514.00","57,184,593.00","58,884,868.00","59,501,075.00","67,752,061.00","73,534,463.00","72,864,695.00","71,884,342.00","67,304,516.00","64,082,407.00","60,044,538.00",,"62,803,307.00","56,374,675.00","59,944,775.00","49,716,170.00","67,494,976.00","77,377,688.00","85,021,395.00","73,509,456.00","80,571,233.00","83,086,477.00","77,364,521.00","67,703,657.00","74,024,896.00","66,932,991.00","67,989,849.00","79,378,881.00","78,036,104.00","81,094,235.00","93,325,700.00","111,741,167.00","94,205,886.00","96,886,643.00","71,819,148.00","66,724,020.00","60,168,124.00","57,950,453.00","59,892,958.00","67,213,422.00","77,386,689.00","81,278,708.00","101,655,212.00","103,611,772.00","98,564,142.00","102,366,445.00","82,822,734.00","65,670,849.00","59,346,627.00","69,562,063.00","82,002,709.00","61,662,021.00","56,023,822.00","68,248,919.00","71,614,824.00","79,040,936.00","94,028,436.00","97,649,552.00",,,,
Value (US$),Imports,"08 Fruit and nuts, edible; peel of citrus fruit or melons",World,Canada,"327,434,980.00","360,115,284.00","372,941,916.00","375,502,986.00","457,578,432.00","451,833,463.00","388,303,563.00","354,646,825.00","335,609,851.00","346,898,128.00","380,351,097.00","356,341,216.00","350,044,879.00","333,338,191.00","382,601,060.00","382,206,389.00","439,666,431.00","473,421,516.00","442,099,941.00","378,440,745.00","350,926,793.00","362,629,275.00","390,643,841.00","376,633,704.00","411,694,740.00","374,554,271.00","408,556,452.00","405,576,660.00","449,211,909.00","483,497,397.00","430,486,813.00","364,739,965.00","343,407,899.00","353,952,271.00","386,577,196.00","374,651,309.00","389,576,778.00","355,942,899.00","401,302,954.00","412,489,500.00","437,323,270.00","470,379,259.00","431,763,438.00","389,358,357.00","346,573,944.00","367,334,697.00","395,798,258.00","402,844,579.00","404,716,126.00","379,743,138.00","439,655,008.00","373,112,978.00","455,113,517.00","473,190,626.00","464,103,125.00","384,519,220.00","355,106,377.00","401,757,566.00","424,126,898.00",,,
Value (US$),Imports,"08 Fruit and nuts, edible; peel of citrus fruit or melons",World,Mexico,"64,750,464.00","77,388,682.00","79,574,262.00","75,991,709.00","77,386,936.00","84,169,317.00","88,243,820.00","85,000,594.00","77,227,601.00","73,482,422.00","74,366,145.00",,"82,200,020.00","72,753,120.00","81,899,047.00","64,552,559.00","77,079,612.00","88,891,571.00","100,362,836.00","85,526,845.00","91,252,233.00","93,214,019.00","89,029,148.00","86,857,037.00","91,840,386.00","92,058,847.00","94,013,105.00","99,278,449.00","87,163,161.00","93,805,287.00","109,866,603.00","130,164,732.00","106,621,726.00","113,502,679.00","85,098,395.00","82,089,599.00","87,347,951.00","83,987,393.00","91,525,705.00","88,189,568.00","91,144,359.00","93,104,313.00","119,105,800.00","642,661,810.00","112,969,128.00","114,212,040.00","96,780,272.00","85,574,321.00","90,443,682.00","104,622,448.00","118,094,047.00","79,992,895.00","65,269,817.00","81,306,997.00","88,685,816.00","96,956,453.00","106,968,642.00","110,040,961.00",,,,
Value (US$),Imports,"08 Fruit and nuts, edible; peel of citrus fruit or melons",World,USA,"1,569,477,538.00","1,568,412,601.00","1,671,249,741.00","1,470,520,782.00","1,593,374,291.00","1,254,477,011.00","1,100,696,427.00","1,133,642,650.00","1,111,103,652.00","1,255,054,151.00","1,356,572,898.00","1,633,172,240.00",,"1,649,973,424.00",,"1,604,624,518.00",,,,"1,323,256,628.00",,"1,320,864,367.00","1,363,284,554.00","1,533,277,933.00","1,949,227,817.00","1,823,334,166.00","1,895,686,206.00","1,785,073,680.00","1,681,480,728.00","1,499,109,345.00","1,338,130,788.00","1,428,428,041.00","1,160,715,249.00","1,456,889,470.00","1,385,945,965.00","1,507,865,581.00","1,947,808,400.00","1,773,829,087.00","1,931,889,444.00","1,921,223,911.00","1,760,788,636.00","1,632,587,508.00","1,446,836,746.00","1,293,956,092.00","1,321,426,815.00","1,421,271,731.00","1,412,785,107.00","1,682,734,791.00","2,010,742,273.00","1,868,757,878.00","2,021,716,289.00","1,610,349,328.00","1,595,876,458.00","1,683,922,519.00","1,268,582,025.00","1,337,163,833.00","1,368,240,395.00","1,550,192,446.00","1,480,257,139.00",,,
Value (US$),Imports,"22 Beverages, spirits and vinegar",Canada,Canada,"251,621.00","254,221.00","337,344.00","252,857.00","433,958.00","200,208.00","383,860.00","1,048,459.00","247,355.00","361,787.00","359,861.00","219,633.00","519,193.00","450,794.00","400,053.00","271,021.00","225,804.00","354,650.00","281,704.00","592,414.00","145,020.00","635,651.00","366,441.00","427,656.00","177,900.00","264,718.00","458,741.00","118,530.00","319,102.00","325,155.00","348,881.00","609,917.00","365,459.00","497,797.00","775,833.00","173,293.00","344,839.00",,"209,666.00","269,443.00","301,195.00","437,168.00","282,670.00","438,779.00","174,272.00","427,054.00","242,327.00","196,173.00",,,,,,,"250,575.00",,,,,,,
Value (US$),Imports,"22 Beverages, spirits and vinegar",Canada,Mexico,"1,035,863.00","1,138,825.00","1,414,428.00","727,260.00","1,080,370.00","1,635,236.00","657,773.00","1,085,912.00","1,211,131.00","504,181.00","764,587.00",,"626,158.00","732,490.00","832,180.00","1,048,386.00","1,074,869.00","458,262.00","818,068.00","999,937.00","953,626.00","770,478.00","526,756.00","1,157,793.00","472,769.00","644,678.00","835,474.00","509,230.00","1,114,412.00","684,788.00","583,874.00","1,208,295.00","598,855.00","878,212.00","494,242.00","907,837.00","645,768.00","467,647.00","389,079.00","767,657.00","554,804.00","546,144.00","691,479.00","718,241.00","846,077.00","905,701.00","365,799.00","472,897.00","595,522.00","545,819.00","831,175.00","527,359.00","472,991.00","280,520.00","413,460.00","366,747.00","729,519.00","787,696.00",,,,
Value (US$),Imports,"22 Beverages, spirits and vinegar",Canada,USA,"52,433,913.00","57,937,327.00","66,233,569.00","65,811,859.00","68,183,583.00","75,760,614.00","60,335,101.00","65,354,710.00","68,661,115.00","69,477,652.00","78,998,175.00","70,710,255.00","62,557,120.00","59,042,216.00","65,373,011.00","63,136,112.00",,"65,046,259.00","67,021,122.00","67,173,372.00",,"76,297,190.00","74,879,181.00","65,221,539.00","66,478,022.00","67,860,733.00","72,751,427.00","73,520,512.00","80,937,261.00","76,680,385.00","80,460,199.00","69,523,046.00","75,726,148.00","85,531,238.00","91,034,631.00","73,340,113.00","79,923,535.00","80,362,940.00","88,632,321.00","88,740,374.00","90,460,762.00","92,902,847.00","100,982,715.00","80,626,171.00","98,506,709.00","93,820,504.00","92,577,328.00","85,197,403.00","88,300,256.00","88,717,426.00","98,255,564.00","95,114,281.00","86,705,370.00","90,632,523.00","106,556,205.00","95,254,938.00","102,847,831.00","103,484,427.00","106,166,629.00",,,
Value (US$),Imports,"22 Beverages, spirits and vinegar",Mexico,Canada,"5,926,442.00","9,740,158.00","18,916,580.00","18,273,482.00","16,026,886.00","17,552,948.00","10,293,586.00","10,824,796.00","11,604,994.00","11,790,491.00","13,582,899.00","9,001,305.00","5,415,240.00","9,248,490.00","13,243,189.00","10,893,033.00","17,182,829.00","19,187,316.00","15,574,559.00","13,365,715.00","9,490,035.00","10,192,491.00","14,770,673.00","7,033,262.00","5,360,455.00","9,548,215.00","14,778,667.00","17,460,675.00","15,104,439.00","13,434,343.00","15,763,887.00","15,858,902.00","16,516,000.00","17,969,803.00","12,728,455.00","8,278,352.00","13,921,549.00","10,769,257.00","19,294,894.00","20,807,874.00","24,867,906.00","18,277,273.00","13,257,386.00","17,452,411.00","8,587,991.00","15,346,387.00","12,075,860.00","9,117,143.00","12,030,479.00","10,420,627.00","13,914,578.00","24,280,039.00","15,881,018.00","13,912,807.00","19,177,137.00","11,796,111.00","13,292,542.00","13,136,014.00","11,074,652.00",,,
Value (US$),Imports,"22 Beverages, spirits and vinegar",Mexico,USA,"336,392,712.00","375,637,216.00","432,189,824.00","448,600,345.00","459,370,237.00","444,260,486.00","368,983,151.00","371,819,778.00","384,927,923.00","355,249,720.00","372,710,451.00","361,040,442.00","363,194,178.00","369,755,632.00","454,201,118.00","439,592,157.00",,"482,091,704.00","462,666,861.00","478,522,352.00",,"436,334,759.00","389,075,949.00","399,868,347.00","394,747,609.00","409,567,489.00","489,145,280.00","514,257,603.00","545,654,482.00","523,803,454.00","515,887,379.00","521,480,722.00","452,376,641.00","482,887,567.00","420,953,706.00","433,134,868.00","374,861,369.00","441,479,665.00","584,474,511.00","598,139,020.00","638,590,196.00","599,681,761.00","625,729,675.00","538,569,649.00","522,017,631.00","598,631,382.00","496,680,269.00","421,837,465.00","508,879,825.00","520,178,606.00","624,858,223.00","565,833,589.00","420,684,183.00","623,620,369.00","732,421,063.00","753,808,855.00","767,581,985.00","797,850,959.00","766,037,989.00",,,
Value (US$),Imports,"22 Beverages, spirits and vinegar",USA,Canada,"128,275,044.00","141,961,618.00","153,723,844.00","161,182,425.00","189,991,959.00","191,118,348.00","178,265,655.00","189,439,506.00","174,430,033.00","192,149,808.00","185,213,128.00","151,186,853.00","158,953,841.00","157,811,920.00","176,527,564.00","158,370,326.00","196,765,256.00","179,525,577.00","203,935,461.00","200,278,605.00","177,597,895.00","193,408,188.00","185,406,234.00","146,847,242.00","146,846,075.00","151,771,240.00","166,238,170.00","175,800,543.00","185,446,614.00","193,135,771.00","189,847,729.00","187,430,562.00","173,303,729.00","176,426,579.00","170,244,580.00","144,169,411.00","135,253,674.00","124,267,527.00","156,868,941.00","169,780,333.00","165,698,881.00","174,135,380.00","189,707,190.00","182,623,347.00","167,324,646.00","182,290,413.00","159,438,057.00","150,231,425.00","151,750,371.00","147,197,456.00","163,797,699.00","143,085,315.00","136,303,220.00","174,961,794.00","193,269,097.00","202,913,633.00","189,588,843.00","204,117,051.00","189,239,453.00",,,
Value (US$),Imports,"22 Beverages, spirits and vinegar",USA,Mexico,"24,212,752.00","39,118,605.00","39,857,611.00","44,856,605.00","42,573,084.00","41,101,450.00","35,075,300.00","37,591,188.00","40,768,378.00","42,173,707.00","47,800,630.00",,"36,848,177.00","30,084,219.00","34,164,294.00","27,475,796.00","31,571,996.00","31,585,800.00","46,801,401.00","50,746,454.00","46,679,750.00","54,410,384.00","36,162,863.00","24,428,885.00","35,970,416.00","39,625,236.00","37,559,672.00","36,416,298.00","38,820,938.00","39,885,812.00","40,029,859.00","41,709,613.00","36,804,971.00","36,382,835.00","35,526,879.00","23,854,273.00","33,125,872.00","20,119,007.00","28,438,390.00","27,295,646.00","33,922,854.00","29,836,970.00","33,766,460.00","30,775,433.00","33,743,076.00","33,069,875.00","22,545,621.00","20,070,362.00","27,106,596.00","22,484,152.00","26,811,711.00","47,634,291.00","36,041,835.00","37,798,633.00","29,230,426.00","37,151,322.00","32,557,293.00","30,010,713.00",,,,
Value (US$),Imports,"22 Beverages, spirits and vinegar",World,Canada,"274,875,975.00","325,936,496.00","359,839,110.00","385,563,603.00","428,827,346.00","446,105,201.00","386,017,380.00","459,308,453.00","429,086,934.00","456,158,991.00","453,048,677.00","310,220,373.00","327,040,741.00","329,075,493.00","413,752,028.00","356,438,109.00","445,916,430.00","431,130,193.00","443,740,606.00","471,535,753.00","430,381,948.00","489,963,598.00","497,292,248.00","318,509,331.00","363,730,143.00","355,209,149.00","412,486,116.00","427,206,566.00","451,971,897.00","429,645,936.00","454,632,959.00","462,451,001.00","436,730,593.00","506,953,091.00","453,529,588.00","318,086,281.00","346,693,382.00","316,333,053.00","403,293,672.00","432,132,384.00","452,871,142.00","435,794,994.00","445,643,479.00","462,611,592.00","416,935,928.00","483,860,414.00","443,078,407.00","329,585,027.00","356,590,063.00","321,552,250.00","398,408,814.00","402,777,148.00","397,145,663.00","422,889,606.00","407,079,220.00","393,320,916.00","494,294,259.00","538,331,193.00","505,664,750.00",,,
Value (US$),Imports,"22 Beverages, spirits and vinegar",World,Mexico,"55,404,810.00","68,079,014.00","91,939,192.00","90,007,017.00","80,904,494.00","84,371,186.00","82,179,251.00","110,439,268.00","133,097,808.00","108,195,078.00","104,872,395.00",,"73,284,295.00","56,738,974.00","83,660,762.00","73,122,642.00","77,105,290.00","74,469,565.00","101,057,150.00","143,567,778.00","124,071,592.00","122,431,692.00","91,139,479.00","60,878,269.00","73,746,512.00","82,525,773.00","76,517,258.00","86,926,334.00","94,404,501.00","88,999,028.00","98,845,371.00","134,290,693.00","121,698,270.00","109,415,922.00","83,696,307.00","71,532,051.00","92,916,785.00","58,263,921.00","80,151,107.00","70,839,436.00","86,582,674.00","79,810,104.00","103,365,138.00","604,403,765.00","106,788,615.00","105,031,368.00","68,857,332.00","59,640,222.00","74,468,057.00","52,956,474.00","61,797,893.00","82,313,750.00","71,574,973.00","74,813,597.00","70,121,303.00","88,000,154.00","88,098,962.00","81,077,921.00",,,,
Value (US$),Imports,"22 Beverages, spirits and vinegar",World,USA,"1,609,910,142.00","1,696,838,941.00","2,019,971,563.00","2,006,482,167.00","2,094,805,226.00","2,032,650,796.00","1,848,396,877.00","2,096,291,131.00","1,951,063,435.00","2,121,228,699.00","2,009,468,310.00","1,924,705,237.00",,"1,689,122,579.00",,"1,973,968,921.00",,,,"2,239,397,732.00",,"2,302,268,092.00","2,202,526,683.00","2,074,365,615.00","1,859,455,508.00","1,820,573,947.00","2,139,680,734.00","2,279,326,293.00","2,340,632,930.00","2,225,316,649.00","2,184,182,323.00","2,297,788,874.00","2,088,734,006.00","2,539,284,271.00","2,168,775,870.00","2,143,513,922.00","1,901,296,066.00","1,804,397,649.00","2,399,853,604.00","2,461,008,059.00","2,495,071,192.00","2,381,857,625.00","2,538,589,285.00","2,380,570,070.00","2,432,117,075.00","2,623,583,092.00","2,147,739,928.00","1,989,354,109.00","2,100,658,251.00","1,978,612,130.00","2,350,939,635.00","2,125,487,027.00","1,770,770,503.00","1,881,313,000.00","2,220,124,592.00","2,667,843,207.00","2,415,072,843.00","2,571,111,865.00","2,562,653,700.00",,,
Value (US$),Exports,02 Meat and edible meat offal,Canada,Mexico,"819,220.00","1,130,430.00","1,372,573.00","1,799,649.00","1,472,612.00","2,483,699.00","1,426,946.00","1,823,024.00","1,470,801.00","790,643.00","1,385,169.00",,"1,753,518.00","1,208,550.00","1,792,948.00","1,145,626.00","1,407,842.00","1,663,801.00","1,599,891.00","1,630,317.00","1,072,908.00","1,594,915.00","1,751,641.00","1,935,184.00","2,417,007.00","1,715,300.00","2,852,166.00","2,038,941.00","1,339,300.00","2,856,867.00","1,921,971.00","3,456,762.00","1,960,422.00","1,920,389.00","2,781,307.00","2,559,299.00","3,532,158.00","2,099,824.00","2,457,844.00","3,155,816.00","4,372,823.00","4,090,292.00","3,461,471.00","2,644,938.00","2,786,152.00","3,479,660.00","3,198,339.00","3,730,951.00","2,568,950.00","4,020,385.00","4,137,029.00","3,486,411.00","7,898,825.00","5,991,751.00","3,814,487.00","5,080,620.00","6,149,888.00","4,724,832.00",,,,
Value (US$),Exports,02 Meat and edible meat offal,Canada,USA,"109,980,822.00","102,883,326.00","114,741,970.00","112,138,331.00","148,947,310.00","147,025,406.00","138,174,359.00","115,214,698.00","117,435,296.00","111,945,135.00","120,719,517.00","123,956,237.00","109,664,350.00","106,979,315.00","126,697,661.00","116,319,548.00",,"131,079,025.00","143,714,451.00","119,464,520.00",,"113,480,362.00","113,134,295.00","119,589,870.00","100,485,804.00","95,590,945.00","112,881,853.00","111,246,381.00","126,045,491.00","120,998,354.00","125,518,504.00","112,106,402.00","111,472,465.00","102,214,719.00","109,640,117.00","106,021,406.00","92,688,747.00","82,736,138.00","106,308,272.00","104,198,876.00","112,678,909.00","110,229,598.00","113,288,624.00","107,170,402.00","111,089,044.00","101,150,628.00","109,297,646.00","103,174,989.00","108,383,951.00","104,787,408.00","133,366,544.00","117,044,071.00","111,731,963.00","116,115,349.00","127,598,266.00","136,228,362.00","134,896,560.00","116,732,000.00","112,124,263.00",,,
Value (US$),Exports,02 Meat and edible meat offal,Mexico,Canada,"17,621,458.00","18,133,851.00","15,811,978.00","19,346,809.00","15,496,017.00","14,978,762.00","21,028,477.00","22,941,382.00","23,460,062.00","19,668,665.00","21,656,783.00","20,390,003.00","14,653,510.00","18,626,122.00","19,816,858.00","16,496,896.00","18,725,255.00","21,286,390.00","24,540,448.00","23,334,427.00","23,194,246.00","18,540,747.00","20,946,121.00","18,759,317.00","21,253,728.00","19,524,653.00","18,719,133.00","20,581,064.00","20,138,067.00","22,671,361.00","25,297,866.00","26,306,305.00","26,130,139.00","27,874,620.00","28,357,512.00","23,107,332.00","26,338,920.00","23,266,136.00","20,741,568.00","15,771,796.00","22,854,849.00","24,095,116.00","30,703,916.00","32,491,098.00","27,596,424.00","33,344,098.00","29,255,916.00","22,069,810.00","24,797,393.00","25,489,736.00","14,821,411.00","5,986,926.00","8,943,153.00","13,025,225.00","13,745,820.00","11,529,895.00","13,433,210.00","20,974,442.00","27,735,220.00",,,
Value (US$),Exports,02 Meat and edible meat offal,Mexico,USA,"199,107,703.00","219,912,974.00","219,011,631.00","241,845,570.00","259,182,454.00","245,729,334.00","250,314,279.00","272,368,833.00","265,296,395.00","244,345,087.00","267,734,834.00","296,344,550.00","257,196,719.00","235,721,533.00","260,596,721.00","224,794,551.00",,"269,890,786.00","259,107,954.00","276,145,122.00",,"272,871,867.00","269,360,610.00","276,644,041.00","272,292,489.00","254,801,737.00","244,554,726.00","285,286,946.00","253,080,065.00","239,576,537.00","233,776,153.00","257,955,817.00","223,885,341.00","264,917,012.00","236,429,830.00","232,878,328.00","240,995,573.00","215,149,751.00","222,325,972.00","247,907,201.00","261,350,789.00","261,208,140.00","293,763,855.00","284,193,140.00","245,330,046.00","260,694,562.00","275,614,597.00","305,327,775.00","318,839,760.00","272,586,140.00","263,183,236.00","160,346,797.00","131,159,453.00","159,150,096.00","182,934,960.00","179,141,112.00","197,399,647.00","243,780,656.00","290,803,871.00",,,
Value (US$),Exports,02 Meat and edible meat offal,USA,Canada,"195,768,751.00","191,115,216.00","212,320,198.00","197,740,309.00","198,930,066.00","187,504,501.00","201,893,968.00","215,002,350.00","208,303,368.00","218,032,671.00","202,771,678.00","190,060,882.00","170,585,178.00","179,276,764.00","207,589,023.00","201,604,932.00","210,084,282.00","227,995,800.00","230,349,394.00","224,872,984.00","200,542,345.00","206,760,473.00","215,347,945.00","183,888,686.00","190,585,444.00","187,009,365.00","218,717,183.00","197,566,191.00","202,231,126.00","214,395,650.00","215,192,687.00","215,696,661.00","209,980,223.00","223,115,383.00","215,010,451.00","204,455,682.00","205,406,683.00","192,110,664.00","236,301,512.00","202,350,842.00","212,433,602.00","219,876,494.00","211,388,991.00","232,332,190.00","225,804,721.00","238,632,523.00","246,837,944.00","203,845,719.00","203,403,646.00","183,016,256.00","209,674,024.00","135,401,317.00","287,399,649.00","267,773,242.00","219,751,563.00","232,384,250.00","212,990,791.00","265,496,089.00","267,227,506.00",,,
Value (US$),Exports,02 Meat and edible meat offal,USA,Mexico,"80,483,343.00","89,942,232.00","90,746,927.00","96,157,655.00","99,919,070.00","95,387,639.00","84,106,222.00","97,566,675.00","91,424,120.00","92,069,283.00","92,469,434.00",,"91,084,824.00","81,937,000.00","94,723,818.00","79,352,389.00","98,319,771.00","97,298,833.00","100,666,448.00","96,965,758.00","85,729,936.00","99,821,236.00","101,271,797.00","88,798,257.00","99,014,823.00","97,544,308.00","95,079,171.00","79,787,169.00","120,844,702.00","119,253,016.00","107,481,771.00","101,564,634.00","92,004,914.00","98,429,602.00","101,509,248.00","95,370,250.00","106,499,846.00","112,201,369.00","120,432,151.00","119,925,944.00","119,646,739.00","109,079,267.00","112,333,568.00","111,881,115.00","110,406,549.00","121,675,747.00","116,574,278.00","113,832,394.00","112,359,508.00","109,512,794.00","128,581,379.00","121,276,406.00","197,300,174.00","187,798,509.00","143,367,686.00","144,616,356.00","132,973,248.00","106,393,634.00",,,,
Value (US$),Exports,02 Meat and edible meat offal,World,Canada,"349,890,471.00","356,243,478.00","392,139,469.00","379,517,820.00","380,908,394.00","379,601,007.00","383,871,507.00","404,794,820.00","418,831,551.00","427,012,289.00","423,340,770.00","406,461,324.00","348,098,442.00","375,295,099.00","445,490,505.00","401,187,021.00","430,207,411.00","448,100,034.00","432,030,924.00","433,868,412.00","416,521,566.00","423,730,835.00","466,246,295.00","393,576,849.00","377,269,734.00","388,455,087.00","443,899,490.00","407,007,922.00","441,175,930.00","434,632,737.00","414,822,586.00","429,200,715.00","422,108,886.00","454,430,328.00","458,761,867.00","433,089,060.00","423,489,993.00","420,983,386.00","518,853,797.00","447,070,914.00","500,956,118.00","480,747,719.00","429,516,352.00","455,484,878.00","453,892,062.00","497,341,664.00","500,524,563.00","490,495,431.00","509,036,862.00","485,358,103.00","522,263,749.00","418,496,065.00","573,591,431.00","523,273,535.00","506,207,226.00","468,987,729.00","501,287,950.00","595,512,969.00","584,317,907.00",,,
Value (US$),Exports,02 Meat and edible meat offal,World,Mexico,"110,005,209.00","123,809,932.00","128,765,655.00","132,671,087.00","142,573,518.00","140,902,399.00","125,177,763.00","143,746,099.00","138,277,981.00","141,521,848.00","141,213,132.00",,"132,799,496.00","126,165,571.00","145,062,428.00","124,629,822.00","156,116,839.00","146,193,115.00","157,670,470.00","147,820,857.00","136,423,068.00","159,729,165.00","152,029,004.00","160,688,921.00","146,747,732.00","145,632,665.00","148,234,209.00","134,255,000.00","183,543,364.00","173,156,203.00","171,253,990.00","160,036,424.00","148,301,318.00","157,149,620.00","162,924,646.00","152,257,711.00","161,066,866.00","164,148,693.00","178,920,599.00","180,446,710.00","193,592,978.00","180,825,084.00","193,648,564.00","427,103,730.00","179,086,559.00","205,873,211.00","198,685,158.00","218,158,468.00","184,637,494.00","201,551,912.00","222,283,896.00","221,678,974.00","280,190,132.00","276,580,559.00","225,847,248.00","230,508,743.00","215,903,117.00","195,764,863.00",,,,
Value (US$),Exports,02 Meat and edible meat offal,World,USA,"998,162,210.00","1,026,575,704.00","1,145,106,526.00","1,147,641,673.00","1,254,212,521.00","1,239,784,994.00","1,235,126,642.00","1,291,549,039.00","1,228,594,963.00","1,283,885,250.00","1,399,989,972.00","1,386,105,120.00",,"1,190,043,158.00",,"1,262,794,027.00",,,,"1,424,944,318.00",,"1,503,168,651.00","1,517,531,861.00","1,473,234,177.00","1,371,951,513.00","1,349,028,601.00","1,530,199,521.00","1,497,445,842.00","1,494,605,104.00","1,442,404,204.00","1,413,503,451.00","1,463,784,781.00","1,349,457,542.00","1,502,142,314.00","1,456,813,866.00","1,397,518,821.00","1,300,231,393.00","1,207,768,356.00","1,398,893,911.00","1,404,540,860.00","1,541,765,651.00","1,518,700,100.00","1,602,553,687.00","1,536,933,841.00","1,421,037,480.00","1,487,374,531.00","1,603,707,038.00","1,638,086,596.00","1,634,223,239.00","1,634,157,256.00","1,729,020,566.00","1,516,122,365.00","1,344,214,150.00","1,219,405,722.00","1,404,136,867.00","1,430,789,176.00","1,391,906,506.00","1,556,421,294.00","1,655,135,234.00",,,
Value (US$),Exports,07 Vegetables and certain roots and tubers; edible,Canada,Mexico,"7,457,737.00","5,900,320.00","6,385,521.00","5,877,938.00","4,233,385.00","1,851,561.00","1,511,826.00","1,204,330.00","811,291.00","1,667,353.00","4,481,115.00",,"5,772,345.00","5,460,484.00","6,067,815.00","5,016,136.00","3,738,292.00","1,669,026.00","1,338,766.00","624,856.00","817,471.00","1,997,541.00","4,851,260.00","7,061,684.00","6,893,993.00","5,153,815.00","5,946,099.00","4,844,327.00","4,182,892.00","1,975,417.00","1,375,560.00","1,023,000.00","1,464,718.00","3,018,888.00","7,027,200.00","8,526,996.00","7,563,566.00","5,902,356.00","5,964,227.00","4,810,239.00","4,489,966.00","2,926,968.00","1,868,703.00","1,991,779.00","2,273,007.00","2,784,937.00","5,194,521.00","7,642,901.00","7,887,267.00","5,940,367.00","7,482,307.00","4,986,400.00","4,566,725.00","4,201,736.00","1,831,644.00","1,847,210.00","2,109,915.00","3,738,480.00",,,,
Value (US$),Exports,07 Vegetables and certain roots and tubers; edible,Canada,USA,"326,155,439.00","260,863,272.00","270,304,817.00","250,033,517.00","257,280,503.00","219,966,704.00","180,205,032.00","144,524,838.00","162,462,360.00","192,677,782.00","223,381,270.00","254,554,712.00","262,488,002.00","249,159,282.00","273,082,748.00","286,892,129.00",,"243,751,282.00","202,042,900.00","158,719,633.00",,"205,476,258.00","242,495,064.00","273,551,124.00","293,794,185.00","240,621,620.00","282,771,251.00","244,348,977.00","266,834,960.00","227,222,579.00","185,103,512.00","153,196,193.00","158,006,671.00","204,301,144.00","252,057,657.00","308,925,779.00","305,260,699.00","264,552,836.00","315,288,346.00","287,937,856.00","283,470,018.00","257,445,134.00","222,884,117.00","172,090,876.00","155,712,970.00","204,745,473.00","242,870,837.00","271,597,972.00","314,651,828.00","276,337,076.00","309,261,281.00","246,220,204.00","264,703,895.00","232,452,877.00","222,002,787.00","169,552,103.00","172,053,826.00","226,752,205.00","258,817,618.00",,,
Value (US$),Exports,07 Vegetables and certain roots and tubers; edible,Mexico,Canada,"2,338,336.00","4,686,269.00","2,916,237.00","2,124,335.00","2,774,983.00","2,410,931.00","1,370,741.00","2,000,183.00","2,182,851.00","2,715,756.00","2,729,220.00","3,623,119.00","5,569,305.00","7,703,118.00","4,648,614.00","1,051,571.00","1,983,377.00","1,123,364.00","2,912,881.00","4,849,401.00","6,071,755.00","4,517,906.00","4,953,902.00","3,346,973.00","5,126,391.00","8,723,982.00","6,165,525.00","13,117,149.00","10,635,933.00","8,404,173.00","4,704,031.00","9,852,935.00","8,530,508.00","4,490,060.00","3,288,658.00","1,961,542.00","2,317,001.00","2,263,998.00","2,963,995.00","1,306,035.00","2,311,782.00","2,145,178.00","2,420,153.00","1,058,638.00","728,791.00","606,711.00","1,181,426.00","1,267,754.00","2,135,859.00","2,479,192.00","2,545,194.00","1,606,007.00","2,826,501.00","4,320,272.00","3,273,442.00","2,528,070.00","1,701,966.00","2,620,840.00","1,628,532.00",,,
Value (US$),Exports,07 Vegetables and certain roots and tubers; edible,Mexico,USA,"24,805,436.00","29,117,240.00","25,179,145.00","24,515,987.00","21,253,939.00","21,498,015.00","20,479,645.00","30,350,982.00","28,308,853.00","27,546,439.00","24,100,399.00","23,923,544.00","22,012,336.00","21,715,177.00","25,613,611.00","21,598,851.00",,"22,138,110.00","23,957,449.00","37,181,803.00",,"50,930,539.00","31,944,269.00","33,851,602.00","28,138,686.00","23,613,896.00","23,484,375.00","24,552,646.00","22,330,685.00","21,049,959.00","21,673,641.00","32,284,346.00","30,207,703.00","36,741,357.00","30,641,190.00","29,671,076.00","35,117,760.00","25,152,162.00","24,657,312.00","25,020,259.00","24,619,628.00","22,608,772.00","27,612,984.00","34,230,752.00","33,540,274.00","38,478,955.00","39,861,870.00","34,003,625.00","31,045,030.00","27,804,392.00","27,857,045.00","29,664,460.00","25,058,876.00","25,787,915.00","28,077,541.00","31,431,957.00","46,753,711.00","61,426,135.00","45,306,429.00",,,
Value (US$),Exports,07 Vegetables and certain roots and tubers; edible,USA,Canada,"115,560,187.00","105,920,196.00","125,186,228.00","150,860,841.00","168,969,553.00","179,288,387.00","195,634,884.00","208,433,522.00","198,704,188.00","170,229,911.00","135,709,428.00","109,943,586.00","119,168,228.00","105,204,280.00","129,258,454.00","149,858,486.00","178,969,934.00","185,698,817.00","212,144,373.00","220,137,017.00","225,620,053.00","214,789,541.00","159,574,464.00","128,626,212.00","145,233,219.00","119,934,744.00","142,884,238.00","162,823,658.00","192,869,768.00","203,773,326.00","233,255,222.00","235,629,332.00","224,176,166.00","206,492,988.00","167,910,938.00","140,330,991.00","142,107,231.00","121,039,166.00","143,284,863.00","179,863,443.00","196,482,428.00","201,649,821.00","234,338,653.00","234,951,424.00","234,812,797.00","212,352,695.00","162,938,423.00","130,415,978.00","141,660,610.00","122,678,678.00","183,990,736.00","202,066,090.00","235,678,151.00","245,453,833.00","266,781,252.00","253,375,482.00","262,483,609.00","230,036,038.00","183,060,269.00",,,
Value (US$),Exports,07 Vegetables and certain roots and tubers; edible,USA,Mexico,"684,591,682.00","831,791,340.00","852,759,348.00","621,208,323.00","509,849,610.00","399,506,855.00","309,893,333.00","287,115,026.00","318,015,334.00","417,677,478.00","547,539,223.00",,"626,674,217.00","696,717,376.00","802,201,494.00","598,770,744.00","561,261,005.00","386,452,688.00","331,782,993.00","317,667,977.00","294,565,542.00","465,486,200.00","566,131,815.00","690,060,880.00","789,057,971.00","709,702,513.00","796,948,933.00","632,722,556.00","570,355,160.00","408,271,917.00","367,852,987.00","332,089,795.00","316,957,063.00","480,599,866.00","547,186,177.00","727,577,036.00","825,199,778.00","758,890,248.00","856,960,387.00","758,922,967.00","626,171,640.00","441,133,634.00","503,602,465.00","503,063,649.00","377,172,373.00","511,873,660.00","595,844,753.00","757,132,140.00","924,687,363.00","843,602,117.00","1,010,451,357.00","654,004,398.00","580,581,663.00","637,685,372.00","463,804,692.00","411,315,719.00","486,440,229.00","599,780,668.00",,,,
Value (US$),Exports,07 Vegetables and certain roots and tubers; edible,World,Canada,"353,545,789.00","287,644,373.00","308,081,011.00","323,978,295.00","297,520,060.00","334,524,959.00","296,338,145.00","347,644,454.00","662,697,897.00","644,702,597.00","491,746,157.00","480,880,377.00","395,436,393.00","338,825,036.00","433,711,764.00","392,647,385.00","367,317,723.00","346,273,853.00","293,820,343.00","315,150,851.00","532,741,900.00","442,491,299.00","350,390,256.00","288,881,475.00","281,921,242.00","249,449,030.00","292,795,163.00","342,692,888.00","361,004,207.00","364,969,919.00","380,584,634.00","351,054,096.00","425,990,776.00","393,933,507.00","342,080,492.00","295,527,341.00","317,509,265.00","316,281,362.00","286,030,903.00","352,440,696.00","398,547,560.00","392,527,938.00","410,207,971.00","337,279,980.00","495,883,614.00","406,679,196.00","355,905,913.00","307,313,420.00","316,840,489.00","343,336,600.00","407,690,218.00","531,050,041.00","547,627,427.00","534,758,820.00","500,298,640.00","351,506,592.00","658,200,222.00","580,427,273.00","430,020,509.00",,,
Value (US$),Exports,07 Vegetables and certain roots and tubers; edible,World,Mexico,"707,263,409.00","847,290,234.00","865,459,510.00","643,681,971.00","541,716,904.00","424,368,280.00","339,689,475.00","315,422,636.00","337,518,711.00","440,909,523.00","572,007,675.00",,"641,457,209.00","714,453,406.00","840,083,257.00","632,941,424.00","627,945,316.00","438,762,664.00","359,464,761.00","346,502,284.00","323,228,750.00","487,999,984.00","589,487,119.00","711,655,740.00","804,682,512.00","725,416,604.00","829,992,547.00","667,637,363.00","610,432,244.00","440,855,883.00","396,888,924.00","356,796,780.00","341,743,282.00","507,125,402.00","583,543,154.00","758,981,523.00","847,189,516.00","780,399,384.00","880,756,831.00","789,356,624.00","651,353,531.00","468,526,711.00","521,991,114.00","519,517,807.00","393,534,429.00","535,552,715.00","634,928,033.00","785,418,760.00","951,703,304.00","865,403,415.00","1,033,857,501.00","685,719,893.00","614,986,909.00","660,855,139.00","481,283,757.00","423,465,294.00","506,004,471.00","628,695,553.00",,,,
Value (US$),Exports,07 Vegetables and certain roots and tubers; edible,World,USA,"469,926,536.00","415,438,694.00","439,443,674.00","412,206,646.00","406,965,005.00","357,529,958.00","295,270,664.00","298,548,653.00","370,903,288.00","387,744,253.00","418,518,041.00","428,932,818.00",,"421,724,320.00",,"444,661,516.00",,,,"307,765,273.00",,"388,684,252.00","424,980,396.00","444,776,881.00","434,078,764.00","398,526,998.00","452,087,041.00","393,253,668.00","406,942,225.00","349,036,757.00","301,488,660.00","280,880,468.00","286,057,942.00","350,644,256.00","392,554,722.00","458,584,731.00","453,975,904.00","419,275,642.00","486,467,599.00","424,290,255.00","418,297,219.00","375,838,701.00","348,730,830.00","313,479,170.00","282,450,838.00","347,937,503.00","399,867,336.00","415,262,387.00","452,535,341.00","421,764,790.00","471,425,061.00","406,514,158.00","424,172,665.00","374,804,605.00","350,587,671.00","341,247,221.00","325,015,759.00","409,531,078.00","421,919,366.00",,,
Value (US$),Exports,"08 Fruit and nuts, edible; peel of citrus fruit or melons",Canada,Mexico,"11,883,985.00","11,624,241.00","13,265,852.00","16,672,211.00","18,519,537.00","20,464,915.00","22,584,231.00","21,197,111.00","19,664,658.00","21,216,410.00","24,919,296.00",,"18,407,449.00","20,013,485.00","29,219,144.00","25,008,001.00","39,105,392.00","24,394,384.00","22,552,144.00","33,082,214.00","33,854,382.00","22,471,264.00","19,317,978.00","20,006,200.00","20,905,025.00","18,220,480.00","28,367,854.00","29,255,275.00","26,809,397.00","26,577,620.00","26,900,570.00","28,526,876.00","20,950,098.00","19,206,792.00","20,837,775.00","16,383,621.00","18,529,120.00","20,810,145.00","23,062,043.00","26,954,114.00","33,755,475.00","27,395,437.00","38,716,674.00","40,880,896.00","19,634,785.00","18,346,140.00","21,601,178.00","16,088,799.00","24,159,605.00","26,508,750.00","30,660,840.00","44,288,343.00","29,918,589.00","40,570,032.00","23,313,063.00","18,248,994.00","18,396,280.00","22,144,574.00",,,,
Value (US$),Exports,"08 Fruit and nuts, edible; peel of citrus fruit or melons",Canada,USA,"236,629,936.00","252,784,587.00","268,251,217.00","285,671,596.00","379,288,976.00","363,936,076.00","309,184,981.00","279,596,921.00","264,993,681.00","272,079,166.00","268,391,894.00","246,663,862.00","250,736,584.00","242,589,342.00","274,320,889.00","286,416,371.00",,"377,170,217.00","338,576,830.00","276,099,250.00",,"274,113,310.00","275,030,425.00","261,224,517.00","269,505,623.00","250,778,676.00","283,678,454.00","292,536,125.00","342,083,996.00","389,520,001.00","326,397,091.00","255,143,392.00","268,207,823.00","261,884,519.00","282,371,614.00","254,284,409.00","254,895,979.00","250,118,313.00","274,543,750.00","290,000,620.00","331,737,565.00","386,156,215.00","332,270,406.00","289,215,156.00","260,550,746.00","269,181,847.00","290,223,542.00","259,358,347.00","248,964,492.00","254,522,107.00","302,283,997.00","260,612,363.00","347,320,904.00","377,329,872.00","356,777,622.00","289,424,528.00","263,463,318.00","293,693,653.00","283,638,683.00",,,
Value (US$),Exports,"08 Fruit and nuts, edible; peel of citrus fruit or melons",Mexico,Canada,,,,,,,,,,"72,299.00","440,358.00","71,105.00","166,120.00",,,,,,,,,"109,538.00","161,493.00","166,841.00","7,389.00",,,,,,,,,"193,171.00","141,403.00","122,063.00","46,297.00",,,,,,"193,324.00",,,"144,717.00","161,847.00","56,640.00","125,866.00","76,562.00","127,113.00","49,065.00","52,187.00","23,174.00","51,884.00",,"1,463,414.00","42,337.00","395,892.00",,,
Value (US$),Exports,"08 Fruit and nuts, edible; peel of citrus fruit or melons",Mexico,USA,"47,308,571.00","56,394,965.00","57,949,157.00","58,988,369.00","64,620,786.00","75,313,441.00","73,088,981.00","72,251,738.00","67,471,526.00","65,719,420.00","61,131,637.00","64,474,733.00","64,928,546.00","57,080,054.00","58,257,312.00","49,164,597.00",,"83,767,790.00","81,587,291.00","74,452,400.00",,"83,267,672.00","78,503,862.00","65,566,304.00","76,119,142.00","67,965,824.00","67,660,000.00","80,865,508.00","78,313,402.00","80,577,222.00","93,750,048.00","114,476,733.00","93,643,972.00","92,555,578.00","76,492,533.00","66,368,877.00","68,095,668.00","63,761,586.00","65,482,897.00","66,791,004.00","76,877,393.00","83,227,438.00","111,381,251.00","101,943,601.00","97,388,760.00","100,084,096.00","83,132,076.00","64,564,691.00","64,743,508.00","70,375,239.00","83,170,683.00","59,871,785.00","56,584,937.00","68,579,124.00","77,476,949.00","79,860,784.00","95,858,413.00","96,779,397.00","78,407,431.00",,,
Value (US$),Exports,"08 Fruit and nuts, edible; peel of citrus fruit or melons",USA,Canada,"16,742,798.00","16,782,519.00","20,477,671.00","19,871,960.00","17,700,140.00","32,732,004.00","74,610,510.00","67,770,640.00","40,823,547.00","74,141,575.00","32,015,097.00","20,528,135.00","20,396,476.00","17,971,984.00","22,372,436.00","19,874,654.00","20,637,931.00","18,136,558.00","68,166,762.00","87,797,054.00","37,161,831.00","49,624,361.00","28,954,592.00","15,107,463.00","19,106,412.00","18,937,762.00","20,366,582.00","22,334,100.00","23,206,540.00","20,501,777.00","63,450,786.00","98,424,783.00","47,531,005.00","65,948,036.00","32,099,414.00","20,051,933.00","23,792,655.00","23,573,881.00","24,731,456.00","26,246,170.00","27,332,976.00","23,469,065.00","85,059,987.00","86,360,457.00","39,534,060.00","49,949,476.00","29,421,190.00","22,788,339.00","26,788,076.00","23,941,884.00","25,712,727.00","24,426,985.00","27,641,196.00","23,475,856.00","64,303,517.00","94,945,847.00","45,608,644.00","65,787,897.00","34,608,379.00",,,
Value (US$),Exports,"08 Fruit and nuts, edible; peel of citrus fruit or melons",USA,Mexico,"316,274,666.00","358,381,261.00","389,269,925.00","479,774,606.00","488,373,743.00","389,390,917.00","288,862,800.00","275,911,243.00","304,902,766.00","337,162,138.00","531,868,269.00",,"417,250,144.00","418,944,834.00","556,461,597.00","521,260,635.00","626,500,613.00","477,581,793.00","309,379,082.00","410,737,814.00","393,993,660.00","354,406,101.00","386,267,281.00","501,386,204.00","467,690,536.00","463,781,175.00","535,787,350.00","589,799,367.00","629,638,031.00","499,142,946.00","370,958,898.00","392,050,294.00","297,508,248.00","363,478,478.00","390,539,677.00","465,603,440.00","503,602,444.00","493,714,715.00","559,304,878.00","688,933,148.00","668,527,851.00","594,689,726.00","507,475,825.00","498,471,522.00","352,600,947.00","421,196,561.00","430,888,007.00","511,342,248.00","546,175,926.00","532,434,728.00","701,912,628.00","744,281,553.00","570,076,638.00","772,203,711.00","313,418,467.00","368,872,782.00","381,316,167.00","427,620,950.00",,,,
Value (US$),Exports,"08 Fruit and nuts, edible; peel of citrus fruit or melons",World,Canada,"27,641,434.00","28,767,101.00","33,706,426.00","31,442,314.00","29,613,320.00","46,032,856.00","105,876,479.00","90,416,798.00","50,016,422.00","84,714,691.00","43,714,164.00","32,755,228.00","31,342,872.00","28,225,364.00","34,982,282.00","31,389,863.00","30,508,064.00","28,855,897.00","88,840,656.00","127,074,589.00","53,181,379.00","62,687,927.00","46,174,079.00","28,766,832.00","34,895,207.00","31,664,567.00","35,831,722.00","36,780,680.00","37,321,029.00","33,552,584.00","91,653,402.00","147,373,779.00","62,402,330.00","81,373,168.00","50,273,457.00","39,351,862.00","39,372,141.00","38,698,578.00","43,991,214.00","40,170,025.00","42,432,068.00","40,177,925.00","109,612,497.00","125,158,761.00","55,733,961.00","66,025,067.00","50,835,751.00","37,490,187.00","44,763,344.00","43,288,300.00","44,213,927.00","41,263,666.00","43,912,428.00","36,998,975.00","84,420,801.00","126,324,034.00","64,044,381.00","84,240,928.00","58,081,566.00",,,
Value (US$),Exports,"08 Fruit and nuts, edible; peel of citrus fruit or melons",World,Mexico,"363,521,062.00","412,080,826.00","449,372,743.00","544,680,577.00","540,237,013.00","449,869,397.00","370,891,007.00","357,256,536.00","390,389,398.00","472,192,007.00","674,605,606.00",,"481,907,170.00","495,960,899.00","652,933,739.00","597,701,238.00","704,097,945.00","537,097,767.00","413,063,962.00","523,713,473.00","507,434,580.00","468,650,736.00","485,300,276.00","588,294,964.00","576,858,605.00","548,704,126.00","645,184,041.00","676,364,369.00","704,092,128.00","565,908,790.00","434,908,836.00","486,846,034.00","381,045,902.00","451,182,431.00","478,444,149.00","541,162,957.00","572,496,535.00","573,560,314.00","660,497,142.00","759,751,672.00","744,024,619.00","658,084,651.00","620,015,190.00","641,876,733.00","444,244,516.00","560,130,606.00","617,146,623.00","586,817,130.00","630,879,378.00","625,765,757.00","799,336,004.00","847,433,256.00","633,970,207.00","856,772,039.00","374,768,667.00","436,627,512.00","473,635,442.00","554,477,169.00",,,,
Value (US$),Exports,"08 Fruit and nuts, edible; peel of citrus fruit or melons",World,USA,"912,766,496.00","1,089,128,828.00","1,070,429,219.00","1,008,044,517.00","1,196,198,113.00","1,157,686,107.00","1,094,160,807.00","977,225,709.00","1,071,880,728.00","1,703,934,986.00","1,675,370,864.00","1,105,554,157.00",,"1,084,531,058.00",,"1,060,359,675.00",,,,"1,008,103,489.00",,"1,642,577,860.00","1,753,439,434.00","1,470,223,302.00","1,143,330,034.00","1,270,937,888.00","1,372,202,174.00","1,151,504,107.00","1,116,072,809.00","1,184,631,630.00","1,125,042,067.00","915,753,833.00","1,013,416,127.00","1,432,620,230.00","1,660,796,215.00","1,308,163,042.00","1,154,105,285.00","1,198,741,848.00","1,315,432,702.00","1,126,749,797.00","1,118,786,298.00","1,205,735,184.00","1,234,811,418.00","1,037,151,322.00","1,081,341,819.00","1,585,352,611.00","1,739,148,845.00","1,292,215,983.00","1,124,142,142.00","1,262,129,656.00","1,307,814,027.00","996,716,088.00","1,030,489,324.00","1,073,513,385.00","1,115,293,559.00","933,091,988.00","1,052,743,748.00","1,507,428,308.00","1,539,305,076.00",,,
Value (US$),Exports,"22 Beverages, spirits and vinegar",Canada,Mexico,"5,606,662.00","7,486,406.00","7,534,217.00","9,636,965.00","7,968,936.00","4,741,584.00","4,055,308.00","2,319,894.00","5,356,204.00","7,110,989.00","1,478,602.00",,"2,873,359.00","6,066,636.00","7,057,724.00","8,274,100.00","7,640,514.00","3,164,652.00","3,558,901.00","4,335,168.00","2,920,210.00","2,730,803.00","1,616,278.00","967,515.00","1,226,203.00","7,130,754.00","8,732,737.00","6,958,464.00","7,144,502.00","6,382,093.00","5,481,833.00","9,574,585.00","5,785,454.00","5,800,255.00","2,921,554.00","3,329,009.00","6,414,104.00","8,112,804.00","9,536,602.00","17,830,627.00","11,896,844.00","7,275,716.00","4,978,165.00","3,805,924.00","5,193,233.00","6,726,473.00","4,821,809.00","2,451,544.00","4,574,262.00","7,051,443.00","15,138,120.00","13,632,041.00","8,234,016.00","7,030,787.00","5,750,580.00","4,889,133.00","5,219,051.00","4,131,882.00",,,,
Value (US$),Exports,"22 Beverages, spirits and vinegar",Canada,USA,"138,048,273.00","154,031,803.00","166,637,521.00","175,529,855.00","204,204,341.00","207,817,625.00","192,399,110.00","204,154,626.00","189,691,002.00","208,396,708.00","198,994,543.00","162,648,903.00","169,707,376.00","170,454,816.00","190,497,287.00","171,556,794.00",,"194,722,712.00","218,968,823.00","215,676,738.00",,"208,180,047.00","202,268,543.00","158,260,710.00","158,529,158.00","163,036,462.00","179,995,643.00","190,105,205.00","200,919,516.00","207,796,059.00","205,252,616.00","202,872,998.00","186,970,121.00","191,409,440.00","184,107,418.00","154,038,220.00","144,408,721.00","133,813,978.00","168,173,191.00","182,551,179.00","179,882,637.00","188,443,673.00","204,708,829.00","198,907,956.00","182,376,010.00","199,992,491.00","173,108,330.00","162,360,121.00","163,696,302.00","159,803,936.00","177,363,825.00","156,947,288.00","147,666,546.00","189,802,840.00","209,309,661.00","218,626,488.00","208,528,721.00","223,163,469.00","208,796,205.00",,,
Value (US$),Exports,"22 Beverages, spirits and vinegar",Mexico,Canada,"737,764.00","523,975.00","626,398.00","580,266.00","679,196.00","548,468.00","440,429.00","1,148,188.00","602,054.00","726,266.00","654,591.00","492,098.00","561,452.00","338,628.00","762,990.00","825,675.00","723,319.00","397,524.00","633,065.00","610,379.00","446,310.00","172,442.00","329,856.00","675,297.00","265,988.00","215,066.00","428,419.00","317,503.00","765,207.00","594,200.00","436,640.00","529,189.00","371,283.00","514,809.00","493,104.00","547,336.00","314,051.00","322,836.00","207,952.00","248,045.00","249,419.00","369,255.00","406,553.00","511,312.00","454,145.00","468,695.00","113,108.00","417,447.00","284,463.00","507,802.00","309,257.00","329,903.00","315,444.00","59,181.00","317,259.00","249,972.00","326,351.00","374,382.00","343,908.00",,,
Value (US$),Exports,"22 Beverages, spirits and vinegar",Mexico,USA,"22,122,756.00","35,464,577.00","41,158,529.00","41,094,418.00","38,106,899.00","36,062,932.00","32,524,876.00","38,091,772.00","36,467,623.00","41,929,780.00","43,715,792.00","22,650,327.00","33,135,926.00","30,024,732.00","28,473,356.00","29,762,273.00",,"28,426,190.00","47,161,708.00","42,286,444.00",,"52,497,083.00","35,357,755.00","24,384,143.00","36,612,592.00","36,327,497.00","41,409,700.00","33,176,777.00","39,442,985.00","35,254,435.00","37,668,181.00","44,927,796.00","34,166,914.00","31,726,672.00","39,494,025.00","25,472,802.00","29,387,849.00","27,313,580.00","25,379,908.00","25,910,388.00","32,598,381.00","31,305,114.00","32,436,504.00","27,766,575.00","29,783,986.00","35,114,162.00","21,902,882.00","25,059,116.00","23,877,328.00","24,888,387.00","26,228,191.00","50,302,380.00","38,654,533.00","38,818,543.00","27,069,638.00","39,876,629.00","28,632,104.00","30,817,558.00","31,872,815.00",,,
Value (US$),Exports,"22 Beverages, spirits and vinegar",USA,Canada,"56,329,171.00","54,182,097.00","66,921,733.00","69,144,927.00","70,768,996.00","76,848,719.00","60,785,678.00","65,995,065.00","69,557,128.00","71,116,221.00","73,484,181.00","70,707,879.00","63,536,904.00","59,444,487.00","67,208,901.00","64,651,059.00","77,024,265.00","66,140,107.00","67,451,182.00","68,226,734.00","69,121,768.00","79,299,375.00","76,724,127.00","65,744,532.00","67,421,839.00","68,858,232.00","73,474,750.00","74,453,859.00","85,610,133.00","78,232,945.00","81,950,034.00","70,575,045.00","76,799,084.00","87,208,961.00","92,272,722.00","74,086,027.00","80,295,218.00","81,895,289.00","89,682,228.00","90,254,347.00","92,863,956.00","94,665,388.00","103,102,797.00","81,636,135.00","99,244,547.00","94,601,864.00","93,600,676.00","85,744,793.00","89,126,213.00","88,428,683.00","98,654,552.00","95,130,625.00","86,700,084.00","91,047,595.00","107,076,536.00","95,350,911.00","103,652,436.00","104,233,483.00","106,300,019.00",,,
Value (US$),Exports,"22 Beverages, spirits and vinegar",USA,Mexico,"229,698,482.00","287,593,157.00","329,346,329.00","322,134,810.00","360,933,279.00","313,551,079.00","258,250,693.00","302,490,317.00","270,571,729.00","293,315,749.00","368,560,438.00",,"298,356,106.00","332,474,077.00","450,544,891.00","383,597,747.00","492,342,178.00","449,086,955.00","411,302,664.00","464,405,532.00","377,176,838.00","404,200,826.00","395,312,540.00","368,748,765.00","366,008,148.00","367,473,945.00","491,021,043.00","465,189,928.00","555,631,968.00","477,264,469.00","517,872,988.00","503,572,169.00","409,630,797.00","499,496,049.00","430,107,834.00","358,208,387.00","350,957,660.00","433,284,139.00","545,658,859.00","569,267,578.00","593,513,021.00","580,878,706.00","595,173,722.00","493,171,364.00","493,784,878.00","550,267,984.00","448,234,607.00","454,821,502.00","452,136,049.00","495,123,744.00","588,777,381.00","562,501,404.00","371,527,249.00","576,155,286.00","634,589,324.00","676,584,364.00","678,573,935.00","687,583,354.00",,,,
Value (US$),Exports,"22 Beverages, spirits and vinegar",World,Canada,"62,036,267.00","61,520,947.00","75,123,712.00","77,005,591.00","79,738,102.00","85,193,251.00","71,079,091.00","76,559,442.00","82,003,048.00","83,513,937.00","84,929,856.00","81,624,696.00","72,674,214.00","67,923,488.00","77,232,062.00","73,152,185.00","87,007,671.00","75,473,344.00","78,058,721.00","79,198,625.00","81,623,776.00","92,449,396.00","89,303,918.00","75,777,490.00","75,310,877.00","76,645,553.00","83,909,725.00","84,898,904.00","94,259,384.00","88,309,821.00","91,350,035.00","81,678,807.00","87,631,893.00","97,105,353.00","101,061,166.00","82,672,198.00","86,537,380.00","88,961,635.00","97,369,899.00","98,829,126.00","101,693,818.00","102,485,058.00","111,935,515.00","93,522,574.00","109,465,551.00","105,437,003.00","102,806,281.00","98,475,092.00","96,059,468.00","96,856,615.00","112,510,989.00","103,941,153.00","100,010,882.00","104,290,486.00","120,369,247.00","101,799,184.00","120,590,227.00","122,365,364.00","115,472,212.00",,,
Value (US$),Exports,"22 Beverages, spirits and vinegar",World,Mexico,"284,188,109.00","349,472,194.00","398,231,193.00","393,599,304.00","418,737,152.00","376,005,458.00","327,294,205.00","376,952,175.00","345,520,141.00","381,263,407.00","437,934,555.00",,"358,540,319.00","393,589,445.00","522,543,916.00","443,404,203.00","564,056,173.00","515,499,700.00","483,511,015.00","539,727,834.00","445,047,291.00","470,842,506.00","490,160,326.00","436,628,327.00","433,917,413.00","477,091,987.00","578,989,679.00","586,179,778.00","645,079,718.00","563,762,035.00","657,968,810.00","591,231,240.00","536,965,336.00","651,985,585.00","530,740,638.00","476,196,058.00","478,421,836.00","537,832,929.00","642,364,730.00","697,436,247.00","733,771,292.00","724,966,924.00","718,444,943.00","597,308,247.00","626,904,625.00","652,732,388.00","529,847,858.00","551,182,328.00","538,626,309.00","601,365,303.00","684,434,649.00","640,031,084.00","437,170,678.00","642,423,713.00","703,394,580.00","751,098,425.00","766,290,945.00","780,678,289.00",,,,
Value (US$),Exports,"22 Beverages, spirits and vinegar",World,USA,"512,895,726.00","580,538,339.00","643,324,379.00","654,694,498.00","664,750,178.00","595,076,952.00","659,060,259.00","706,236,838.00","668,831,993.00","741,242,905.00","687,729,435.00","570,614,810.00",,"663,148,301.00",,"598,345,881.00",,,,"725,233,422.00",,"760,356,180.00","703,985,011.00","783,745,630.00","559,848,215.00","790,614,080.00","882,427,043.00","798,989,069.00","684,341,152.00","779,982,215.00","725,593,043.00","734,997,993.00","652,928,546.00","761,224,680.00","705,542,856.00","633,844,984.00","600,704,043.00","626,334,884.00","712,738,862.00","730,763,683.00","669,654,617.00","706,933,486.00","681,981,839.00","695,785,122.00","637,961,488.00","753,565,486.00","702,842,186.00","756,739,665.00","721,621,282.00","793,876,084.00","754,245,013.00","625,445,696.00","567,548,307.00","544,483,555.00","552,378,148.00","658,438,144.00","593,644,613.00","795,749,021.00","680,898,166.00",,,
